Point,Depth,USCS_code,PF_code,GMC,Notes,Stability
T3-050,10,Pt,0,,PF table 480 cm,0
T3-050,20,Pt,0,,,0
T3-050,30,SM,0,29.1,,0
T3-050,40,SM,0,,,1
T3-050,50,SM,0,,,1
T3-050,60,SM,0,31,,0
T3-050,70,SM,0,,,1
T3-050,80,SM,0,,,1
T3-050,90,SM,0,39.4,,0
T3-050,100,Pt,0,,,0
T3-050,110,Pt,0,,,0
T3-050,120,Pt,0,146.1,,0
T3-050,130,Pt,0,,,0
T3-050,140,Pt,0,,,0
T3-050,150,Pt,0,229.5,,0
T3-050,160,Pt,0,,,0
T3-050,170,ML,0,,,1
T3-050,180,ML,0,52.75,,0
T3-050,190,ML,0,,,1
T3-050,200,ML,0,,,1
T3-050,210,ML,0,39.56,,0
T3-050,220,ML,0,,,1
T3-050,230,SP,0,,,1
T3-050,240,SP,0,28.99,,0
T3-050,250,SP,0,,,1
T3-050,260,SP,0,,,1
T3-050,270,SP,0,30.63,,0
T3-050,280,SP,0,,,1
T3-050,290,SP,0,,,1
T3-050,300,SP,0,27.21,,0
T3-050,310,SM,0,,,1
T3-050,320,SM,0,,,1
T3-050,330,SM,0,31.89,,0
T3-050,340,SM,0,,,1
T3-050,350,SP,0,,,1
T3-050,360,SP,0,24.78,,0
T3-050,370,SP,0,,,1
T3-050,380,SP,0,,,1
T3-050,390,SP,0,23.32,,0
T3-050,400,SP,0,,,1
T3-050,410,SP,0,,,1
T3-050,420,SP,0,15.27,,0
T3-050,430,SP,0,,,1
T3-050,440,SP,0,,,1
T3-050,450,SP,0,27.15,,0
T3-050,460,SP,0,,,1
T3-050,470,GW,0,,,1
T3-050,480,GW,0,10,,0
T3-050,490,SW,1,,Nbe?,1
T3-050,500,SW,1,,Nbe?,1
T3-050,510,SW,1,28.51,Nbe?,0
T3-050,520,SW,1,,Nbe?,1
T3-050,530,GW,1,,Nbn?,1
T3-050,540,SW,1,27.96,Nbe?,0
T3-050,550,SW,1,,Nbe?,1
T3-050,560,SW,1,,Nbe?,1
T3-050,570,GW,1,8.09,Nbn?,1
T3-050,580,GW,1,,Nbn?,1
T3-050,590,SW,1,,Nbe?,1
T3-050,600,SW,1,33.69,Nbe?,0
T3-053,10,Pt,0,,PF table 190 cm,0
T3-053,20,SM,0,,,1
T3-053,30,SM,0,34.2,,0
T3-053,40,SM,0,,,1
T3-053,50,SM,0,,,1
T3-053,60,SM,0,38.2,,0
T3-053,70,SM,0,,,1
T3-053,80,SM,0,,,1
T3-053,90,Pt,0,108.8,,0
T3-053,100,Pt,0,,,0
T3-053,110,Pt,0,,,0
T3-053,120,Pt,0,163.7,,0
T3-053,130,Pt,0,,,0
T3-053,140,Pt,0,,,0
T3-053,150,Pt,0,265.3,,0
T3-053,160,ML,0,,,1
T3-053,170,ML,0,,,1
T3-053,180,ML,0,53.4,,0
T3-053,190,ML,0,,,1
T3-053,200,SM,1,,Nbe?,1
T3-053,210,SM,1,43.1,Nbe?,0
T3-053,220,SP,1,,Nbe?,1
T3-053,230,SP,1,,Nbe?,1
T3-053,240,SP,1,33.5,Nbe?,0
T3-053,250,SP,1,,Nbe?,1
T3-053,260,SP,1,,Nbe?,1
T3-053,270,SP,1,41.8,Nbe?,0
T3-053,280,SM,1,,Nbe?,1
T3-053,290,SM,1,,Nbe?,1
T3-053,300,SP,1,34.9,Nbe?,0
T3-053,310,SM,1,,Nbe?,1
T3-053,320,SM,1,,Nbe?,1
T3-053,330,SM,1,43.8,Nbe?,0
T3-053,340,SM,1,,Nbe?,1
T3-053,350,SM,1,,Nbe?,1
T3-053,360,SM,1,34,Nbe?,0
T3-053,370,SP,1,,Nbe?,1
T3-053,380,SP,1,,Nbe?,1
T3-053,390,SP,1,28.5,Nbe?,0
T3-053,400,SP,1,,Nbe?,1
T3-053,410,SP,1,,Nbe?,1
T3-053,420,SM,1,44.4,Nbe?,0
T3-053,430,SM,1,,Nbe?,1
T3-053,440,SM,1,,Nbe?,1
T3-053,450,SM,1,32.4,Nbe?,0
T3-053,460,SW,1,,Nbe?,1
T3-053,470,GW,1,,Nbe?,1
T3-053,480,SW,1,23.6,Nbn?,0
T3-053,490,SW,1,,Nbe?,1
T3-053,500,SW,1,,Nbe?,1
T3-053,510,SW,1,31.5,Nbe?,0
T3-053,520,SW,1,,Nbe?,1
T3-053,530,SW,1,,Nbn?,1
T3-053,540,SW,1,18.6,Nbn?,0
T3-056,10,Pt,0,,Thaw depth 90 cm,0
T3-056,20,SM,0,,,1
T3-056,30,SM,0,35.9,,0
T3-056,40,SM,0,,,1
T3-056,50,SM,0,,,1
T3-056,60,SM,0,158.4,,0
T3-056,70,Pt,0,,,0
T3-056,80,Pt,0,,,0
T3-056,90,Pt,0,190.5,,0
T3-056,100,Pt,1,,Nbn?,0
T3-056,110,Pt,1,,Nbn?,0
T3-056,120,Pt,1,80.9,Nbn?,0
T3-056,130,ML,1,,,1
T3-056,140,ML,1,,,1
T3-056,150,ML,1,60.9,,0
T3-056,160,ML,1,,,1
T3-056,170,ML,1,,,1
T3-056,180,ML,1,116.4,,0
T3-056,190,ML,1,,,1
T3-056,200,ML,1,,,1
T3-056,210,SM,1,48.2,Nbe?,0
T3-056,220,SM,1,,,1
T3-056,230,SM,1,,,1
T3-056,240,SM,1,38.4,,0
T3-056,250,SM,1,,,1
T3-056,260,SM,1,,,1
T3-056,270,SM,1,39.2,,0
T3-056,280,SM,1,,,1
T3-056,290,SM,1,,,1
T3-056,300,SM,1,31.7,,0
T3-056,310,SM,1,,,1
T3-056,320,SM,1,,,1
T3-056,330,SM,1,42.1,,0
T3-056,340,SM,1,,,1
T3-056,350,SM,1,,,1
T3-056,360,SM,1,39.9,,0
T3-056,370,SM,1,,,1
T3-056,380,SM,1,,,1
T3-056,390,SP,1,33.4,,0
T3-056,400,SP,1,,,1
T3-056,410,SP,1,,,1
T3-056,420,SP,1,33.1,,0
T3-056,430,SP,1,,,1
T3-056,440,SP,1,,,1
T3-056,450,SP,1,29.1,,0
T3-056,460,SP,1,,,1
T3-056,470,SP,1,,,1
T3-056,480,SP,1,30.9,,0
T3-056,490,SP,1,,,1
T3-056,500,SP,1,,,1
T3-056,510,GW,1,25.3,,0
T3-059,10,Pt,0,,Thaw depth 84 cm,0
T3-059,20,Pt,0,,,0
T3-059,30,SM,0,36,,0
T3-059,40,SM,0,,,1
T3-059,50,SM,0,,,1
T3-059,60,Pt,0,200,,0
T3-059,70,Pt,0,,,0
T3-059,80,Pt,0,,,0
T3-059,90,ML,1,60,Nbe? With org?,0
T3-059,100,ML,1,,,1
T3-059,110,ML,1,,,1
T3-059,120,ML,1,70.5,,0
T3-059,130,ML,1,,,1
T3-059,140,ML,1,,,1
T3-059,150,ML,1,148.5,,0
T3-059,160,ML,1,,,1
T3-059,170,ML,1,,,1
T3-059,180,ML,1,95.2,,0
T3-059,190,ML,1,,,1
T3-059,200,ML,1,,,1
T3-059,210,SM,1,42,Nbe?,0
T3-059,220,SM,1,,Nbe?,1
T3-059,230,SM,1,,Nbe?,1
T3-059,240,SM,1,37.3,Nbe?,0
T3-059,250,SM,1,,Nbe?,1
T3-059,260,SM,1,,Nbe?,1
T3-059,270,SM,1,41.9,Nbe?,0
T3-059,280,SM,1,,Nbe?,1
T3-059,290,SP,1,,Nbe?,1
T3-059,300,SP,1,35.3,Nbe?,0
T3-059,310,SP,1,,Nbe?,1
T3-059,320,SM,1,,Nbe?,1
T3-059,330,SM,1,45.2,Nbe?,0
T3-059,340,SM,1,,,1
T3-059,350,SM,1,,,1
T3-059,360,SP,1,28.5,Nbn?,0
T3-059,370,SP,1,,,1
T3-059,380,SP,1,,,1
T3-059,390,SP,1,29.1,,0
T3-059,400,SP,1,,,1
T3-059,410,SP,1,,,1
T3-059,420,SP,1,32.8,,0
T3-059,430,SP,1,,,1
T3-059,440,SP,1,,,1
T3-059,450,SP,1,31.7,Nbe?,0
T3-059,460,SP,1,,,1
T3-059,470,SP,1,,,1
T3-059,480,SP,1,18.8,Nbn,0
T3-059,490,SP,1,,,1
T3-059,500,SP,1,,,1
T3-059,510,GW,1,30.3,Nbe?,0
T3-062,10,Pt,0,,Thaw depth 72 cm,0
T3-062,20,Pt,0,,,0
T3-062,30,SM,0,39,,0
T3-062,40,SM,0,,,1
T3-062,50,SM,0,,,1
T3-062,60,Pt,0,119,sandy silt/peat,0
T3-062,70,Pt,0,,,0
T3-062,80,Pt,1,,,0
T3-062,90,ML,1,254.5,OL?,0
T3-062,100,Pt,1,,,0
T3-062,110,Pt,1,,,0
T3-062,120,ICE,1,,,1
T3-062,130,ICE,1,,,1
T3-062,140,ICE,1,,,1
T3-062,150,ML,1,352,wedge/soil,0
T3-062,160,ML,1,,wedge/soil,1
T3-062,170,ML,1,,,1
T3-062,180,ML,1,120.7,,0
T3-062,190,ML,1,,,1
T3-062,200,SM,1,,,1
T3-062,210,SM,1,95.5,,0
T3-062,220,SM,1,,,1
T3-062,230,SM,1,,,1
T3-062,240,SM,1,47.8,,0
T3-062,250,SM,1,,,1
T3-062,260,SM,1,,,1
T3-062,270,SM,1,39.2,,0
T3-062,280,SM,1,,,1
T3-062,290,SM,1,,,1
T3-062,300,SM,1,35,,0
T3-062,310,SM,1,,,1
T3-062,320,SM,1,,,1
T3-062,330,SM,1,47.4,,0
T3-062,340,SM,1,,,1
T3-062,350,SM,1,,,1
T3-062,360,SM,1,39.5,,0
T3-062,370,SM,1,,,1
T3-062,380,SP,1,,,1
T3-062,390,SP,1,32,,0
T3-062,400,SP,1,,,1
T3-062,410,SP,1,,,1
T3-062,420,SP,1,29.4,,0
T3-062,430,SP,1,,,1
T3-062,440,SP,1,,,1
T3-062,450,SP,1,30.1,,0
T3-062,460,SP,1,,,1
T3-062,470,SP,1,,,1
T3-062,480,SP,1,33.1,,0
T3-062,490,SP,1,,,1
T3-062,500,SP,1,,,1
T3-062,510,SW,1,29.6,,0
T3-062,520,SW,1,,,1
T3-062,530,GW,1,,,1
T3-062,540,GW,1,13.2,,0
T3-062,550,GW,1,,,1
T3-062,560,GW,1,,,1
T3-062,570,GW,1,7.7,,1
T3-062,580,GW,1,,,1
T3-062,590,GW,1,,,1
T3-062,600,GW,1,8.7,,1
T3-065,10,Pt,0,,Thaw depth 69 cm,0
T3-065,20,SM,0,,,1
T3-065,30,SM,0,166.5,,0
T3-065,40,Pt,0,,,0
T3-065,50,Pt,0,,,0
T3-065,60,Pt,0,239.6,,0
T3-065,70,Pt,0,,,0
T3-065,80,Pt,1,,,0
T3-065,90,Pt,1,201,,0
T3-065,100,Pt,1,,,0
T3-065,110,ML,1,,ataxitic,1
T3-065,120,ML,1,,ataxitic,1
T3-065,130,ML,1,,ataxitic,1
T3-065,140,ML,1,,ataxitic,1
T3-065,150,ICE,1,3436.1,wedge????,0
T3-065,160,ML,1,,wedge/soil contact?,1
T3-065,170,ML,1,,,1
T3-065,180,ML,1,208,,0
T3-065,190,ML,1,,,1
T3-065,200,ML,1,,,1
T3-065,210,ML,1,110.5,,0
T3-065,220,SM,1,,,1
T3-065,230,SM,1,,,1
T3-065,240,SM,1,52.4,,0
T3-065,250,SM,1,,,1
T3-065,260,SM,1,,,1
T3-065,270,SM,1,40.2,Nbe?,0
T3-065,280,SM,1,,Nbe?,1
T3-065,290,SM,1,,Nbe?,1
T3-065,300,SM,1,41.4,Nbe?,0
T3-065,310,SM,1,,Nbe?,1
T3-065,320,SM,1,,Nbe?,1
T3-065,330,SM,1,38.6,Nbe?,0
T3-065,340,SM,1,,Nbe?,1
T3-065,350,SM,1,,Nbe?,1
T3-065,360,SM,1,45.1,Nbe?,0
T3-065,370,SM,1,,Nbe?,1
T3-065,380,SM,1,,Nbe?,1
T3-065,390,SM,1,35.8,Nbe?,0
T3-065,400,SM,1,,Nbe?,1
T3-065,410,SP,1,,,1
T3-065,420,SP,1,25.5,,0
T3-065,430,SP,1,,,1
T3-065,440,SP,1,,,1
T3-065,450,SP,1,29.9,,0
T3-065,460,SP,1,,,1
T3-065,470,SP,1,,,1
T3-065,480,SP,1,28.6,,0
T3-065,490,SP,1,,,1
T3-065,500,SP,1,,,1
T3-065,510,SP,1,29.3,,0
T3-065,520,SP,1,,,1
T3-065,530,SP,1,,,1
T3-065,540,SP,1,31.6,,0
T3-065,550,SP,1,,,1
T3-065,560,GW,1,,,1
T3-065,570,GW,1,10.4,,0
T3-068,10,Pt,0,,thaw depth 72 cm,0
T3-068,20,Pt,0,,,0
T3-068,30,ML,0,37,,0
T3-068,40,ML,0,,,1
T3-068,50,Pt,0,,,0
T3-068,60,Pt,0,184.3,,0
T3-068,70,Pt,0,,,0
T3-068,80,Pt,1,,Vx/Vr/Vs,0
T3-068,90,Pt,1,768.7,Vx/Vr/Vs,0
T3-068,100,Pt,1,,Vx/Vr/Vs,0
T3-068,110,Pt,1,,Vx/Vr/Vs,0
T3-068,120,Pt,1,593.5,Vx/Vr/Vs,0
T3-068,130,Pt,1,,Vx/Vr/Vs,0
T3-068,140,Pt,1,,Vx/Vr/Vs,0
T3-068,150,ML,1,580.7,OL?; large ice belts,0
T3-068,160,ML,1,,OL?,1
T3-068,170,ML,1,,OL?,1
T3-068,180,ML,1,171.9,OL?,0
T3-068,190,ML,1,,OL?,1
T3-068,200,ML,1,,OL?,1
T3-068,210,ML,1,130.8,OL?,0
T3-068,220,ML,1,,OL?,1
T3-068,230,SM,1,,,1
T3-068,240,SM,1,41.6,,0
T3-068,250,SM,1,,,1
T3-068,260,SM,1,,,1
T3-068,270,SM,1,49.8,Nbe?,0
T3-068,280,SM,1,,Nbe?,1
T3-068,290,SM,1,,Nbe?,1
T3-068,300,SM,1,38.7,Nbe?,0
T3-068,310,SM,1,,Nbe?,1
T3-068,320,SM,1,,Nbe?,1
T3-068,330,SM,1,37.9,Nbe?,0
T3-068,340,SM,1,,Nbe?,1
T3-068,350,SM,1,,Nbe?,1
T3-068,360,SM,1,45.3,Nbe?,0
T3-068,370,SM,1,,Nbe?,1
T3-068,380,SM,1,,Nbe?,1
T3-068,390,SM,1,42.9,Nbe?,0
T3-068,400,SP,1,,Nbn?,1
T3-068,410,SP,1,,Nbn?,1
T3-068,420,SP,1,28.6,Nbn?,0
T3-068,430,SP,1,,Nbn?,1
T3-068,440,SP,1,,Nbn?,1
T3-068,450,SP,1,31.3,Nbn?,0
T3-068,460,SP,1,,Nbn?,1
T3-068,470,SP,1,,Nbn?,1
T3-068,480,SP,1,31.3,Nbn?,0
T3-068,490,SP,1,,Nbn?,1
T3-068,500,SP,1,,Nbn?,1
T3-068,510,SP,1,27.3,Nbn?,0
T3-068,520,SP,1,,Nbn?,1
T3-068,530,SP,1,,Nbn?,1
T3-068,540,SP,1,32.7,Nbn?,0
T3-068,550,SP,1,,Nbn?,1
T3-068,560,SW,1,,Nbn?,1
T3-071,10,Pt,0,,Thaw depth 80 cm,0
T3-071,20,ML,0,,,1
T3-071,30,Pt,0,141.9,peat,0
T3-071,40,Pt,0,,,0
T3-071,50,Pt,0,,,0
T3-071,60,Pt,0,259.5,,0
T3-071,70,Pt,0,,,0
T3-071,80,Pt,0,,,0
T3-071,90,Pt,1,207.7,Vr/Vs,0
T3-071,100,Pt,1,,Vr/Vs,0
T3-071,110,ML,1,,ataxitic,1
T3-071,120,ML,1,293.5,ataxitic,0
T3-071,130,ICE,1,,wedge ice?,1
T3-071,140,ML,1,,ataxitic,1
T3-071,150,ML,1,292.2,ataxitic,0
T3-071,160,ML,1,,ataxitic,1
T3-071,170,ML,1,,ataxitic,1
T3-071,180,ML,1,221.1,ataxitic,0
T3-071,190,ML,1,,,1
T3-071,200,ML,1,,,1
T3-071,210,ML,1,82.4,,0
T3-071,220,ML,1,,,1
T3-071,230,ML,1,,,1
T3-071,240,SM,1,44.8,,0
T3-071,250,SM,1,,,1
T3-071,260,SM,1,,,1
T3-071,270,SM,1,41.1,,0
T3-071,280,SM,1,,,1
T3-071,290,SM,1,,,1
T3-071,300,SM,1,43.3,,0
T3-071,310,SM,1,,,1
T3-071,320,SM,1,,,1
T3-071,330,SM,1,35.6,,0
T3-071,340,SM,1,,,1
T3-071,350,SM,1,,,1
T3-071,360,SM,1,55.3,,0
T3-071,370,SM,1,,,1
T3-071,380,SM,1,,,1
T3-071,390,SP,1,29,,0
T3-071,400,SP,1,,,1
T3-071,410,SP,1,,,1
T3-071,420,SP,1,33.4,,0
T3-071,430,SP,1,,,1
T3-071,440,SP,1,,,1
T3-071,450,SP,1,28.7,,0
T3-071,460,SP,1,,,1
T3-071,470,SP,1,,,1
T3-071,480,SP,1,22.9,,0
T3-071,490,SP,1,,,1
T3-071,500,SP,1,,,1
T3-071,510,SP,1,26.9,,0
T3-071,520,SP,1,,,1
T3-071,530,SP,1,,,1
T3-071,540,SP,1,29.5,,0
T3-071,550,SP,1,,,1
T3-071,560,SP,1,,,1
T3-074,10,Pt,0,,Thaw depth 67 cm,0
T3-074,20,ML,0,,,1
T3-074,30,Pt,0,138.5,,0
T3-074,40,Pt,0,,,0
T3-074,50,Pt,0,,,0
T3-074,60,Pt,0,144.8,,0
T3-074,70,Pt,0,,,0
T3-074,80,ML,1,,OL?,1
T3-074,90,ML,1,256.7,OL?,0
T3-074,100,ML,1,,OL?,1
T3-074,110,ML,1,,OL?,1
T3-074,120,ML,1,223.9,OL?,0
T3-074,130,ML,1,,OL?,1
T3-074,140,ML,1,,OL?,1
T3-074,150,ML,1,226.8,OL?,0
T3-074,160,ML,1,,OL?,1
T3-074,170,ML,1,,OL?,1
T3-074,180,ML,1,121.3,OL?,0
T3-074,190,ML,1,,OL?,1
T3-074,200,ML,1,,OL?,1
T3-074,210,ML,1,111.6,OL?,0
T3-074,220,ML,1,,OL?,1
T3-074,230,SM,1,,,1
T3-074,240,SM,1,58.8,,0
T3-074,250,SM,1,,,1
T3-074,260,SM,1,,,1
T3-074,270,SM,1,38.5,,0
T3-074,280,SM,1,,,1
T3-074,290,SM,1,,,1
T3-074,300,SM,1,42.8,,0
T3-074,310,SM,1,,,1
T3-074,320,SM,1,,,1
T3-074,330,SM,1,36,,0
T3-074,340,SM,1,,,1
T3-074,350,SM,1,,,1
T3-074,360,SM,1,43.7,,0
T3-074,370,SM,1,,,1
T3-074,380,SP,1,,,1
T3-074,390,SP,1,27.6,,0
T3-074,400,SP,1,,,1
T3-074,410,SP,1,,,1
T3-074,420,SP,1,32.2,,0
T3-074,430,SP,1,,,1
T3-074,440,SP,1,,,1
T3-074,450,SP,1,30.3,,0
T3-074,460,SP,1,,,1
T3-074,470,SP,1,,,1
T3-074,480,SP,1,33.3,,0
T3-074,490,SP,1,,,1
T3-074,500,SP,1,,,1
T3-074,510,SP,1,29.2,,0
T3-074,520,SP,1,,,1
T3-074,530,SP,1,,,1
T3-074,540,SP,1,33.4,,0
T3-074,550,SP,1,,,1
T3-074,560,SP,1,,,1
T3-074,570,GW,1,14.6,,0
T3-077,10,Pt,0,,Thaw depth 63 cm,0
T3-077,20,Pt,0,,,0
T3-077,30,ML,0,67.4,,0
T3-077,40,ML,0,,,1
T3-077,50,Pt,0,,,0
T3-077,60,Pt,0,169.4,,0
T3-077,70,Pt,1,,,0
T3-077,80,Pt,1,,,0
T3-077,90,Pt,1,649.7,,0
T3-077,100,Pt,1,,,0
T3-077,110,Pt,1,,,0
T3-077,120,Pt,1,847.4,,0
T3-077,130,ML,1,,,1
T3-077,140,ML,1,,,1
T3-077,150,ML,1,180.4,,0
T3-077,160,ML,1,,,1
T3-077,170,ML,1,,,1
T3-077,180,ML,1,219.1,,0
T3-077,190,ML,1,,,1
T3-077,200,ML,1,,,1
T3-077,210,SM,1,67.3,,0
T3-077,220,SM,1,,,1
T3-077,230,ML,1,,,1
T3-077,240,SM,1,38,,0
T3-077,250,SM,1,,,1
T3-077,260,SM,1,,,1
T3-077,270,SM,1,39.8,,0
T3-077,280,SM,1,,,1
T3-077,290,SM,1,,,1
T3-077,300,SM,1,45.4,,0
T3-077,310,SM,1,,,1
T3-077,320,SM,1,,,1
T3-077,330,SM,1,38.9,,0
T3-077,340,SM,1,,,1
T3-077,350,SM,1,,,1
T3-077,360,SM,1,40.1,,0
T3-077,370,SM,1,,,1
T3-077,380,SP,1,,,1
T3-077,390,SP,1,27.6,,0
T3-077,400,SP,1,,,1
T3-077,410,SP,1,,,1
T3-077,420,SP,1,30.7,,0
T3-077,430,SP,1,,,1
T3-077,440,SP,1,,,1
T3-077,450,SP,1,32.3,,0
T3-077,460,SP,1,,,1
T3-077,470,SP,1,,,1
T3-077,480,SP,1,29.6,,0
T3-077,490,SP,1,,,1
T3-077,500,SP,1,,,1
T3-077,510,SP,1,32.8,,0
T3-077,520,SP,1,,,1
T3-077,530,SP,1,,,1
T3-077,540,SP,1,31,,0
T3-077,550,SP,1,,,1
T3-077,560,SW,1,,,1
T3-077,570,SW,1,19.4,,0
T3-077,580,SW,1,,,1
T3-077,590,GW,1,,,1
T3-080,10,Pt,0,,Thaw depth 53 cm,0
T3-080,20,ML,0,,,1
T3-080,30,Pt,0,149.2,,0
T3-080,40,Pt,0,,,0
T3-080,50,Pt,0,,,0
T3-080,60,Pt,1,253,,0
T3-080,70,Pt,1,,,0
T3-080,80,Pt,1,,,0
T3-080,90,Pt,1,636,,0
T3-080,100,Pt,1,,,0
T3-080,110,Pt,1,,,0
T3-080,120,ML,1,123.1,,0
T3-080,130,ML,1,,,1
T3-080,140,ML,1,,wedge/silt contact,1
T3-080,150,ML,1,230.2,wedge/silt contact,0
T3-080,160,ML,1,,wedge/silt contact,1
T3-080,170,ML,1,,,1
T3-080,180,ML,1,164.8,,0
T3-080,190,ML,1,,,1
T3-080,200,ML,1,,,1
T3-080,210,ML,1,111,,0
T3-080,220,ML,1,,,1
T3-080,230,ML,1,,,1
T3-080,240,ML,1,67.2,,0
T3-080,250,ML,1,,,1
T3-080,260,SM,1,,,1
T3-080,270,SM,1,38.5,,0
T3-080,280,SM,1,,,1
T3-080,290,SM,1,,,1
T3-080,300,SM,1,41.9,,0
T3-080,310,SM,1,,,1
T3-080,320,SM,1,,,1
T3-080,330,SM,1,38.6,,0
T3-080,340,SM,1,,,1
T3-080,350,SM,1,,,1
T3-080,360,SM,1,36.1,,0
T3-080,370,SM,1,,,1
T3-080,380,SM,1,,,1
T3-080,390,SP,1,28,,0
T3-080,400,SP,1,,,1
T3-080,410,SP,1,,,1
T3-080,420,SP,1,32,,0
T3-080,430,SM,1,,,1
T3-080,440,SM,1,,,1
T3-080,450,SM,1,32.5,,0
T3-080,460,SP,1,,,1
T3-080,470,SP,1,,,1
T3-080,480,SP,1,37.7,,0
T3-080,490,SP,1,,,1
T3-080,500,SP,1,,,1
T3-080,510,SP,1,32,,0
T3-080,520,SP,1,,,1
T3-080,530,SP,1,,,1
T3-080,540,SP,1,33.6,,0
T3-080,550,SP,1,,,1
T3-080,560,SP,1,,3-5% gravel,1
T3-080,570,SP,1,32.9,3-5% gravel,0
T3-080,580,SP,1,,3-5% gravel,1
T3-080,590,SP,1,,3-5% gravel,1
T3-080,600,GW,1,23.4,40% sand,0
T3-083,10,Pt,0,,Thaw depth 47 cm,0
T3-083,20,Pt,0,,,0
T3-083,30,Pt,0,,missed sample,0
T3-083,40,Pt,0,,,0
T3-083,50,Pt,0,,,0
T3-083,60,Pt,1,1296.3,Vr/Vs; belts,0
T3-083,70,Pt,1,,Vr/Vs; belts,0
T3-083,80,Pt,1,,Vr/Vs; belts,0
T3-083,90,Pt,1,362.1,,0
T3-083,100,Pt,1,,,0
T3-083,110,ICE,1,,,1
T3-083,120,ICE,1,,,1
T3-083,130,ICE,1,,,1
T3-083,140,ICE,1,,,1
T3-083,150,ICE,1,,,1
T3-083,160,ICE,1,,,1
T3-083,170,ICE,1,,,1
T3-083,180,ICE,1,,,1
T3-083,190,ICE,1,,,1
T3-083,200,ICE,1,,,1
T3-083,210,ICE,1,,,1
T3-083,220,ICE,1,,,1
T3-083,230,ICE,1,,,1
T3-083,240,SM,1,67.8,,0
T3-083,250,SM,1,,,1
T3-083,260,SM,1,,,1
T3-083,270,SM,1,48.9,,0
T3-083,280,SM,1,,,1
T3-083,290,SM,1,,,1
T3-083,300,SM,1,64,,0
T3-083,310,SM,1,,,1
T3-083,320,SM,1,,,1
T3-083,330,SM,1,43.8,,0
T3-083,340,SM,1,,,1
T3-083,350,SM,1,,,1
T3-083,360,SM,1,32.5,,0
T3-083,370,SP,1,,,1
T3-083,380,SP,1,,,1
T3-083,390,SP,1,34.7,,0
T3-083,400,SP,1,,,1
T3-083,410,SM,1,,,1
T3-083,420,SM,1,32.8,,0
T3-083,430,SM,1,,,1
T3-083,440,SM,1,,,1
T3-083,450,SM,1,33.6,,0
T3-083,460,SM,1,,,1
T3-083,470,SM,1,,,1
T3-083,480,SP,1,30,,0
T3-083,490,SP,1,,,1
T3-083,500,SP,1,,,1
T3-083,510,SP,1,28.8,,0
T3-083,520,SP,1,,,1
T3-083,530,SP,1,,,1
T3-083,540,SP,1,34.1,,0
T3-083,550,SP,1,,,1
T3-083,560,SP,1,,,1
T3-083,570,SP,1,30.1,,0
T3-083,580,SW,1,,,1
T3-083,590,SW,1,,,1
T3-086,10,Pt,0,,Thaw depth 64 cm,0
T3-086,20,Pt,0,,,0
T3-086,30,Pt,0,151.1,,0
T3-086,40,Pt,0,,,0
T3-086,50,Pt,0,,,0
T3-086,60,Pt,0,229.8,sample of frozen peat,0
T3-086,70,Pt,1,,Vs/Vr,0
T3-086,80,Pt,1,,Vs/Vr,0
T3-086,90,Pt,1,684.9,Vs/Vr,0
T3-086,100,Pt,1,,,0
T3-086,110,Pt,1,,,0
T3-086,120,Pt,1,181.5,,0
T3-086,130,ML,1,,OL?,1
T3-086,140,ML,1,,OL?,1
T3-086,150,ML,1,207.8,,0
T3-086,160,ML,1,,,1
T3-086,170,ML,1,,,1
T3-086,180,ML,1,235.1,,0
T3-086,190,ML,1,,,1
T3-086,200,ML,1,,,1
T3-086,210,ML,1,141.7,,0
T3-086,220,ML,1,,,1
T3-086,230,ML,1,,,1
T3-086,240,ML,1,69.3,,0
T3-086,250,SM,1,,,1
T3-086,260,SM,1,,,1
T3-086,270,SM,1,60.4,,0
T3-086,280,SM,1,,,1
T3-086,290,SM,1,,,1
T3-086,300,SM,1,40.6,,0
T3-086,310,SM,1,,,1
T3-086,320,SM,1,,,1
T3-086,330,SM,1,39.2,,0
T3-086,340,SM,1,,,1
T3-086,350,SM,1,,,1
T3-086,360,SM,1,34.4,,0
T3-086,370,SM,1,,,1
T3-086,380,SM,1,,,1
T3-086,390,SP,1,30,,0
T3-086,400,SP,1,,,1
T3-086,410,SP,1,,,1
T3-086,420,SM,1,41.5,,0
T3-086,430,SM,1,,,1
T3-086,440,SM,1,,,1
T3-086,450,SM,1,31.5,,0
T3-086,460,SM,1,,,1
T3-086,470,SM,1,,,1
T3-086,480,SM,1,34.9,,0
T3-086,490,SM,1,,,1
T3-086,500,SM,1,,,1
T3-086,510,SP,1,26.4,,0
T3-086,520,SP,1,,,1
T3-086,530,SP,1,,,1
T3-086,540,SP,1,30.4,,0
T3-086,550,SP,1,,,1
T3-086,560,SP,1,,,1
T3-086,570,SP,1,33.1,,0
T3-086,580,SP,1,,,1
T3-086,590,SP,1,,,1
T3-086,600,SP,1,30.7,,0
T3-086,610,SP,1,,,1
T3-086,620,SP,1,,,1
T3-089,10,Pt,0,,Thaw depth 55 cm,0
T3-089,20,Pt,0,,,0
T3-089,30,Pt,0,101.2,,0
T3-089,40,Pt,0,,,0
T3-089,50,Pt,0,,,0
T3-089,60,Pt,1,313.9,,0
T3-089,70,Pt,1,,,0
T3-089,80,Pt,1,,,0
T3-089,90,Pt,1,905.3,,0
T3-089,100,Pt,1,,,0
T3-089,110,Pt,1,,,0
T3-089,120,Pt,1,671.2,,0
T3-089,130,Pt,1,,,0
T3-089,140,Pt,1,,,0
T3-089,150,ML,1,173.6,OL?,0
T3-089,160,ML,1,,OL?,1
T3-089,170,ML,1,,OL?,1
T3-089,180,ML,1,222.1,OL?,0
T3-089,190,ML,1,,OL?,1
T3-089,200,ML,1,,OL?,1
T3-089,210,ML,1,111.7,OL?,0
T3-089,220,ML,1,,,1
T3-089,230,SM,1,,,1
T3-089,240,SM,1,78.8,,0
T3-089,250,SM,1,,,1
T3-089,260,SM,1,,,1
T3-089,270,SM,1,53.7,,0
T3-089,280,SM,1,,,1
T3-089,290,SM,1,,,1
T3-089,300,SM,1,39.3,,0
T3-089,310,SM,1,,,1
T3-089,320,SM,1,,,1
T3-089,330,SM,1,39.7,,0
T3-089,340,SM,1,,,1
T3-089,350,SM,1,,,1
T3-089,360,SM,1,37.2,,0
T3-089,370,SM,1,,,1
T3-089,380,SM,1,,,1
T3-089,390,SM,1,26.9,,0
T3-089,400,SP,1,,,1
T3-089,410,SP,1,,,1
T3-089,420,SM,1,32.2,,0
T3-089,430,SM,1,,,1
T3-089,440,SM,1,,,1
T3-089,450,SM,1,37.2,,0
T3-089,460,SM,1,,,1
T3-089,470,SM,1,,,1
T3-089,480,SM,1,36.4,,0
T3-089,490,SM,1,,,1
T3-089,500,SP,1,,,1
T3-089,510,SP,1,31,,0
T3-089,520,SP,1,,,1
T3-089,530,SP,1,,,1
T3-089,540,SP,1,32.9,,0
T3-089,550,SP,1,,,1
T3-089,560,SP,1,,,1
T3-089,570,SP,1,32.4,,0
T3-089,580,SP,1,,,1
T3-089,590,SP,1,,,1
T3-089,600,SP,1,33,,0
T3-089,610,SP,1,,,1
T3-089,620,SP,1,,,1
T3-089,630,SP,1,28.1,5% gravel,0
T3-092,10,Pt,0,,Thaw depth 46 cm,0
T3-092,20,Pt,0,,,0
T3-092,30,Pt,0,175.2,,0
T3-092,40,Pt,0,,,0
T3-092,50,Pt,0,,,0
T3-092,60,Pt,1,198,,0
T3-092,70,Pt,1,,,0
T3-092,80,Pt,1,,,0
T3-092,90,Pt,1,603.1,,0
T3-092,100,Pt,1,,,0
T3-092,110,Pt,1,,,0
T3-092,120,Pt,1,701.6,,0
T3-092,130,Pt,1,,,0
T3-092,140,Pt,1,,,0
T3-092,150,ML,1,240.4,OL?,0
T3-092,160,ML,1,,OL?,1
T3-092,170,ML,1,,OL?,1
T3-092,180,ML,1,304.6,OL?,0
T3-092,190,ML,1,,OL?,1
T3-092,200,ML,1,,OL?,1
T3-092,210,ML,1,120.4,OL?,0
T3-092,220,ML,1,,OL?,1
T3-092,230,ML,1,,OL?,1
T3-092,240,ML,1,85.3,OL?,0
T3-092,250,SM,1,,,1
T3-092,260,SM,1,,,1
T3-092,270,SM,1,64.2,,0
T3-092,280,SM,1,,,1
T3-092,290,SM,1,,,1
T3-092,300,SM,1,46.7,,0
T3-092,310,SM,1,,,1
T3-092,320,SM,1,,,1
T3-092,330,SM,1,38.9,,0
T3-092,340,SM,1,,,1
T3-092,350,SM,1,,,1
T3-092,360,SM,1,36.3,,0
T3-092,370,SM,1,,,1
T3-092,380,SM,1,,,1
T3-092,390,SM,1,36.7,,0
T3-092,400,SM,1,,,1
T3-092,410,SM,1,,,1
T3-092,420,SP,1,26.4,,0
T3-092,430,SP,1,,,1
T3-092,440,SM,1,,,1
T3-092,450,SM,1,42.1,,0
T3-092,460,SM,1,,,1
T3-092,470,SM,1,,,1
T3-092,480,SM,1,34.2,,0
T3-092,490,SM,1,,,1
T3-092,500,SM,1,,,1
T3-092,510,SM,1,36,,0
T3-092,520,SM,1,,,1
T3-092,530,SP,1,,,1
T3-092,540,SP,1,29.8,,0
T3-092,550,SP,1,,,1
T3-092,560,SP,1,,,1
T3-092,570,SP,1,30.2,,0
T3-092,580,SP,1,,,1
T3-092,590,SP,1,,,1
T3-092,600,SP,1,29.5,,0
T3-092,610,SP,1,,,1
T3-092,620,SP,1,,,1
T3-092,630,SP,1,29.5,,0
T3-095,10,Pt,0,,Thaw depth 48 cm,0
T3-095,20,Pt,0,,,0
T3-095,30,Pt,0,146.2,,0
T3-095,40,Pt,0,,,0
T3-095,50,Pt,0,,,0
T3-095,60,Pt,1,371.6,,0
T3-095,70,Pt,1,,,0
T3-095,80,Pt,1,,,0
T3-095,90,Pt,1,939,,0
T3-095,100,Pt,1,,,0
T3-095,110,Pt,1,,,0
T3-095,120,Pt,1,822.6,,0
T3-095,130,Pt,1,,,0
T3-095,140,Pt,1,,,0
T3-095,150,Pt,1,323.1,,0
T3-095,160,ML,1,,OL?,1
T3-095,170,ML,1,,OL?,1
T3-095,180,ML,1,342.7,OL?,0
T3-095,190,ML,1,,OL?,1
T3-095,200,ML,1,,,1
T3-095,210,ML,1,79.9,,0
T3-095,220,ML,1,,,1
T3-095,230,ML,1,,,1
T3-095,240,ML,1,119.9,,0
T3-095,250,ML,1,,,1
T3-095,260,SM,1,,,1
T3-095,270,SM,1,70.7,,0
T3-095,280,SM,1,,,1
T3-095,290,SM,1,,,1
T3-095,300,SM,1,40.9,,0
T3-095,310,SM,1,,,1
T3-095,320,SM,1,,,1
T3-095,330,SM,1,41.6,,0
T3-095,340,SM,1,,,1
T3-095,350,SM,1,,,1
T3-095,360,SM,1,42.2,,0
T3-095,370,SM,1,,,1
T3-095,380,SM,1,,,1
T3-095,390,SM,1,37.6,,0
T3-095,400,SM,1,,,1
T3-095,410,SM,1,,,1
T3-095,420,SM,1,35.7,,0
T3-095,430,SM,1,,,1
T3-095,440,SM,1,,3 cm fine to med.sand,1
T3-095,450,SM,1,35.7,,0
T3-095,460,SM,1,,,1
T3-095,470,SM,1,,,1
T3-095,480,SM,1,42.5,,0
T3-095,490,SM,1,,,1
T3-095,500,SM,1,,,1
T3-095,510,SM,1,35.2,,0
T3-095,520,SM,1,,,1
T3-095,530,SM,1,,,1
T3-095,540,SM,1,32.3,,0
T3-095,550,SP,1,,,1
T3-095,560,SP,1,,,1
T3-095,570,SP,1,30.7,,0
T3-095,580,SP,1,,,1
T3-095,590,SP,1,,,1
T3-095,600,SP,1,30.6,,0
T3-095,610,SP,1,,,1
T3-095,620,SP,1,,,1
T3-095,630,SP,1,25,,0
T3-098,10,Pt,0,,Thaw depth 52 cm,0
T3-098,20,Pt,0,,,0
T3-098,30,Pt,0,209.5,,0
T3-098,40,Pt,0,,,0
T3-098,50,Pt,0,,,0
T3-098,60,Pt,1,318.6,,0
T3-098,70,Pt,1,,,0
T3-098,80,ML,1,,OL?,1
T3-098,90,ICE,1,,,1
T3-098,100,ICE,1,,,1
T3-098,110,ICE,1,,,1
T3-098,120,ICE,1,,,1
T3-098,130,ICE,1,,,1
T3-098,140,ICE,1,,,1
T3-098,150,ML,1,643.2,OL? wedge/soil,0
T3-098,160,ML,1,,OL?,1
T3-098,170,ML,1,,OL?,1
T3-098,180,ML,1,196.1,OL?,0
T3-098,190,ML,1,,OL?,1
T3-098,200,ML,1,,OL?,1
T3-098,210,ML,1,114.5,OL?,0
T3-098,220,ML,1,,OL?,1
T3-098,230,ML,1,,OL?,1
T3-098,240,SM,1,44.2,,0
T3-098,250,SM,1,,,1
T3-098,260,SM,1,,,1
T3-098,270,SM,1,110.7,,0
T3-098,280,SM,1,,,1
T3-098,290,SM,1,,,1
T3-098,300,SM,1,103,,0
T3-098,310,SM,1,,,1
T3-098,320,SM,1,,,1
T3-098,330,SM,1,42.9,,0
T3-098,340,SM,1,,,1
T3-098,350,SM,1,,,1
T3-098,360,SM,1,36.9,,0
T3-098,370,SM,1,,,1
T3-098,380,SM,1,,Vs/Nb,1
T3-098,390,SM,1,44.5,Vs/Nb,0
T3-098,400,SM,1,,,1
T3-098,410,SM,1,,,1
T3-098,420,SM,1,38.4,,0
T3-098,430,SM,1,,,1
T3-098,440,SM,1,,,1
T3-098,450,SM,1,34.4,,0
T3-098,460,SM,1,,,1
T3-098,470,SM,1,,,1
T3-098,480,SM,1,38,,0
T3-098,490,SM,1,,,1
T3-098,500,SM,1,,,1
T3-098,510,SM,1,43.7,,0
T3-098,520,SM,1,,,1
T3-098,530,SM,1,,,1
T3-098,540,SM,1,33.1,,0
T3-098,550,SM,1,,,1
T3-098,560,SP,1,,,1
T3-098,570,SP,1,28.9,,0
T3-098,580,SP,1,,,1
T3-098,590,SP,1,,,1
T3-098,600,SP,1,30.6,,0
T3-098,610,SP,1,,,1
T3-098,620,SP,1,,,1
T3-098,630,SP,1,31.5,,0
T3-098,640,SP,1,,,1
T3-098,650,SP,1,,,1
T3-098,660,SP,1,35.7,,0
T3-098,670,SP,1,,,1
T3-098,680,GW,1,,,1
T3-098,690,GW,1,6.8,,1
T3-101,10,Pt,0,,Thaw depth 74 cm,0
T3-101,20,Pt,0,,,0
T3-101,30,Pt,0,187,,0
T3-101,40,Pt,0,,,0
T3-101,50,Pt,0,,,0
T3-101,60,Pt,0,,missed sample,0
T3-101,70,Pt,0,,,0
T3-101,80,ICE,1,,,1
T3-101,90,ICE,1,,,1
T3-101,100,ICE,1,,,1
T3-101,110,ICE,1,,,1
T3-101,120,ICE,1,,,1
T3-101,130,ICE,1,,,1
T3-101,140,ICE,1,,,1
T3-101,150,ICE,1,,,1
T3-101,160,ICE,1,,,1
T3-101,170,ICE,1,,,1
T3-101,180,ICE,1,,,1
T3-101,190,ICE,1,,,1
T3-101,200,ICE,1,,,1
T3-101,210,ICE,1,,,1
T3-101,220,ICE,1,,,1
T3-101,230,ICE,1,,,1
T3-101,240,SM,1,152.3,wedge/soil contact,0
T3-101,250,SM,1,,,1
T3-101,260,SM,1,,,1
T3-101,270,SM,1,71.2,,0
T3-101,280,SM,1,,,1
T3-101,290,SM,1,,,1
T3-101,300,SM,1,99.5,,0
T3-101,310,SM,1,,,1
T3-101,320,SM,1,,,1
T3-101,330,SM,1,62.3,,0
T3-101,340,SM,1,,,1
T3-101,350,SM,1,,,1
T3-101,360,SM,1,41.1,,0
T3-101,370,SM,1,,,1
T3-101,380,SM,1,,,1
T3-101,390,SM,1,45.8,,0
T3-101,400,SM,1,,,1
T3-101,410,SM,1,,,1
T3-101,420,SM,1,39.5,,0
T3-101,430,SM,1,,,1
T3-101,440,SM,1,,,1
T3-101,450,SM,1,36.6,,0
T3-101,460,SM,1,,,1
T3-101,470,SM,1,,,1
T3-101,480,SM,1,33.1,,0
T3-101,490,SM,1,,,1
T3-101,500,SP,1,,8 cm sand,1
T3-101,510,SM,1,34.9,,0
T3-101,520,SM,1,,,1
T3-101,530,SM,1,,,1
T3-101,540,SM,1,43.1,,0
T3-101,550,SM,1,,,1
T3-101,560,SP,1,,,1
T3-101,570,SP,1,30.5,,0
T3-101,580,SP,1,,,1
T3-101,590,SP,1,,,1
T3-101,600,SP,1,29.1,,0
T3-101,610,SP,1,,,1
T3-101,620,SP,1,,,1
T3-104,10,Pt,0,,Thaw depth 64 cm,0
T3-104,20,Pt,0,,,0
T3-104,30,Pt,0,45.9,,0
T3-104,40,Pt,0,,,0
T3-104,50,Pt,0,,,0
T3-104,60,Pt,0,279,sample of frozen peat,0
T3-104,70,Pt,1,,Vs/Vr,0
T3-104,80,Pt,1,,Vs/Vr,0
T3-104,90,Pt,1,277.4,Vs/Vr,0
T3-104,100,Pt,1,,Vs/Vr,0
T3-104,110,Pt,1,,Vs/Vr,0
T3-104,120,Pt,1,564.9,Vs/Vr,0
T3-104,130,Pt,1,,Vs/Vr,0
T3-104,140,Pt,1,,Vs/Vr,0
T3-104,150,Pt,1,915.4,Vs/Vr,0
T3-104,160,Pt,1,,Vs/Vr,0
T3-104,170,Pt,1,,Vs/Vr,0
T3-104,180,Pt,1,632.9,Vs/Vr,0
T3-104,190,Pt,1,,Vs/Vr,0
T3-104,200,Pt,1,,Vs/Vr,0
T3-104,210,Pt,1,443.3,Vs/Vr,0
T3-104,220,Pt,1,,Vs/Vr,0
T3-104,230,Pt,1,,Vs/Vr,0
T3-104,240,ML,1,168.7,OL?,0
T3-104,250,ML,1,,OL?,1
T3-104,260,ML,1,,OL?,1
T3-104,270,ML,1,133.9,OL?,0
T3-104,280,ML,1,,,1
T3-104,290,ML,1,,,1
T3-104,300,ML,1,51.4,,0
T3-104,310,ML,1,,,1
T3-104,320,ML,1,,,1
T3-104,330,SM,1,36.8,,0
T3-104,340,SM,1,,,1
T3-104,350,SM,1,,,1
T3-104,360,SM,1,41.1,,0
T3-104,370,SM,1,,,1
T3-104,380,SM,1,,,1
T3-104,390,SM,1,46.7,,0
T3-104,400,SM,1,,,1
T3-104,410,SM,1,,,1
T3-104,420,SM,1,34.3,,0
T3-104,430,SM,1,,,1
T3-104,440,SM,1,,,1
T3-104,450,SM,1,39.4,,0
T3-104,460,SM,1,,,1
T3-104,470,SM,1,,,1
T3-104,480,SM,1,37.6,,0
T3-104,490,SM,1,,,1
T3-104,500,SM,1,,,1
T3-104,510,SM,1,37.4,,0
T3-104,520,SP,1,,,1
T3-104,530,SP,1,,,1
T3-104,540,SP,1,36.2,,0
T3-104,550,SP,1,,,1
T3-104,560,SP,1,,,1
T3-104,570,SP,1,33.4,,0
T3-104,580,SP,1,,,1
T3-104,590,SM,1,,,1
T3-104,600,SM,1,44.3,,0
T3-104,610,SM,1,,,1
T3-104,620,SP,1,,,1
T3-107,10,Pt,0,,Thaw depth 56 cm,0
T3-107,20,Pt,0,,,0
T3-107,30,Pt,0,115.7,,0
T3-107,40,Pt,0,,,0
T3-107,50,Pt,0,,,0
T3-107,60,ML,1,215.5,,0
T3-107,70,ML,1,,,1
T3-107,80,ML,1,,,1
T3-107,90,ML,1,153.8,,0
T3-107,100,ML,1,,,1
T3-107,110,ML,1,,,1
T3-107,120,ML,1,93.9,,0
T3-107,130,ML,1,,,1
T3-107,140,ML,1,,,1
T3-107,150,Pt,1,238.5,Vs/Vr,0
T3-107,160,Pt,1,,Vs/Vr,0
T3-107,170,Pt,1,,Vs/Vr,0
T3-107,180,Pt,1,527.9,Vs/Vr,0
T3-107,190,Pt,1,,Vs/Vr,0
T3-107,200,Pt,1,,Vs/Vr,0
T3-107,210,Pt,1,1447.1,Vs/Vr,0
T3-107,220,Pt,1,,Vs/Vr,0
T3-107,230,Pt,1,,Vs/Vr,0
T3-107,240,Pt,1,294.6,Vs/Vr,0
T3-107,250,ML,1,,OL?     Vs/Vr,1
T3-107,260,ML,1,,,1
T3-107,270,ML,1,150.6,,0
T3-107,280,ML,1,,,1
T3-107,290,ML,1,,,1
T3-107,300,ML,1,117.5,,0
T3-107,310,ML,1,,,1
T3-107,320,ML,1,,,1
T3-107,330,SM,1,42.2,,0
T3-107,340,SM,1,,,1
T3-107,350,SM,1,,,1
T3-107,360,SM,1,39.8,,0
T3-107,370,SM,1,,,1
T3-107,380,SM,1,,,1
T3-107,390,SM,1,40.9,,0
T3-107,400,SM,1,,,1
T3-107,410,SM,1,,,1
T3-107,420,SM,1,51.9,,0
T3-107,430,SM,1,,,1
T3-107,440,SM,1,,,1
T3-107,450,SM,1,38.2,,0
T3-107,460,SM,1,,,1
T3-107,470,SM,1,,,1
T3-107,480,SM,1,34.6,,0
T3-107,490,SM,1,,,1
T3-107,500,SM,1,,,1
T3-107,510,SM,1,36.8,,0
T3-107,520,SM,1,,,1
T3-107,530,SM,1,,,1
T3-107,540,SM,1,34.2,,0
T3-107,550,SM,1,,,1
T3-107,560,SM,1,,,1
T3-107,570,SM,1,30.6,,0
T3-107,580,SP,1,,,1
T3-107,590,SP,1,,,1
T3-107,600,SP,1,33.1,,0
T3-107,610,SP,1,,,1
T3-107,620,SM,1,,,1
T3-107,630,SP,1,31.3,,0
T3-107,640,SP,1,,,1
T3-107,650,SP,1,,,1
T3-107,660,SP,1,31.9,,0
T3-107,670,SP,1,,,1
T3-107,680,SP,1,,,1
T3-107,690,SP,1,30,,0
T3-107,700,SP,1,,,1
T3-107,710,SP,1,,,1
T3-107,720,SW,1,27,,0
T3-110,10,Pt,0,,Thaw depth 74 cm,0
T3-110,20,Pt,0,,,0
T3-110,30,Pt,0,,no core,0
T3-110,40,Pt,0,,,0
T3-110,50,Pt,0,,,0
T3-110,60,Pt,0,,no core,0
T3-110,70,Pt,0,,,0
T3-110,80,ML,1,,OL?,1
T3-110,90,ML,1,132.9,OL?,0
T3-110,100,ML,1,,Pt? OL?,1
T3-110,110,ML,1,,OL?,1
T3-110,120,ML,1,69.7,OL?,0
T3-110,130,ML,1,,OL?,1
T3-110,140,ML,1,,Pt? OL?,1
T3-110,150,Pt,1,197.1,Vs/Vr,0
T3-110,160,Pt,1,,Vs/Vr,0
T3-110,170,Pt,1,,Vs/Vr,0
T3-110,180,Pt,1,519.6,Vs/Vr,0
T3-110,190,Pt,1,,Vs/Vr,0
T3-110,200,Pt,1,,Vs/Vr,0
T3-110,210,ML,1,292.2,OL?,0
T3-110,220,ML,1,,OL?,1
T3-110,230,ML,1,,OL?,1
T3-110,240,ML,1,287.9,OL?,0
T3-110,250,ML,1,,OL?,1
T3-110,260,ML,1,,OL?,1
T3-110,270,ML,1,134.1,,0
T3-110,280,ML,1,,,1
T3-110,290,ML,1,,,1
T3-110,300,SM,1,39.2,,0
T3-110,310,SM,1,,,1
T3-110,320,SM,1,,,1
T3-110,330,SM,1,37.5,,0
T3-110,340,SM,1,,,1
T3-110,350,SM,1,,,1
T3-110,360,SM,1,33.7,,0
T3-110,370,SM,1,,,1
T3-110,380,SM,1,,,1
T3-110,390,SM,1,39,,0
T3-110,400,SM,1,,,1
T3-110,410,ML,1,,,1
T3-110,420,ML,1,45.7,,0
T3-110,430,ML,1,,,1
T3-110,440,SM,1,,,1
T3-110,450,SM,1,41.6,,0
T3-110,460,SM,1,,,1
T3-110,470,SM,1,,,1
T3-110,480,SM,1,38.2,,0
T3-110,490,SM,1,,,1
T3-110,500,SM,1,,,1
T3-110,510,SM,1,32.4,,0
T3-110,520,SM,1,,,1
T3-110,530,SM,1,,,1
T3-110,540,SM,1,34.7,,0
T3-110,550,SM,1,,,1
T3-110,560,SP,1,,,1
T3-110,570,SP,1,32.7,,0
T3-110,580,SM,1,,,1
T3-110,590,SM,1,,,1
T3-110,600,SM,1,33.8,,0
T3-110,610,SM,1,,,1
T3-110,620,SM,1,,,1
T3-110,630,SP,1,30.3,,0
T3-113,10,Pt,0,,Thaw depth 59 cm,0
T3-113,20,Pt,0,,,0
T3-113,30,Pt,0,58.2,,0
T3-113,40,ML,0,,OL?,1
T3-113,50,ML,0,,OL?,1
T3-113,60,ML,0,96.6,sample of frozen soil   OL?,0
T3-113,70,ML,1,,OL?,1
T3-113,80,ML,1,,OL?,1
T3-113,90,ML,1,77.2,OL?,0
T3-113,100,ML,1,,OL?,1
T3-113,110,ML,1,,OL?,1
T3-113,120,ML,1,58.5,OL?,0
T3-113,130,ML,1,,OL?,1
T3-113,140,ML,1,,OL?,1
T3-113,150,ML,1,36.4,OL?,0
T3-113,160,ML,1,,OL?,1
T3-113,170,ML,1,,OL?,1
T3-113,180,Pt,1,146.7,,0
T3-113,190,Pt,1,,,0
T3-113,200,Pt,1,,,0
T3-113,210,Pt,1,708.8,,0
T3-113,220,ML,1,,OL?,1
T3-113,230,ML,1,,OL?,1
T3-113,240,ML,1,353.3,OL?,0
T3-113,250,ML,1,,OL?,1
T3-113,260,ML,1,,OL?,1
T3-113,270,ML,1,185.6,,0
T3-113,280,ML,1,,,1
T3-113,290,ML,1,,,1
T3-113,300,ML,1,77.1,,0
T3-113,310,SM,1,,ML/SM,1
T3-113,320,SM,1,,ML/SM,1
T3-113,330,SM,1,38.2,,0
T3-113,340,SM,1,,,1
T3-113,350,SM,1,,,1
T3-113,360,SM,1,38.1,,0
T3-113,370,SM,1,,,1
T3-113,380,SM,1,,,1
T3-113,390,SM,1,34.6,,0
T3-113,400,SM,1,,,1
T3-113,410,SM,1,,,1
T3-113,420,SM,1,34.3,,0
T3-113,430,SM,1,,,1
T3-113,440,SM,1,,,1
T3-113,450,SM,1,38,,0
T3-113,460,SM,1,,,1
T3-113,470,SM,1,,,1
T3-113,480,SM,1,40.2,,0
T3-113,490,SM,1,,,1
T3-113,500,SM,1,,,1
T3-113,510,SM,1,36.2,,0
T3-113,520,SM,1,,,1
T3-113,530,SM,1,,,1
T3-113,540,SM,1,32.5,,0
T3-113,550,SM,1,,,1
T3-113,560,SM,1,,,1
T3-113,570,SM,1,33,,0
T3-113,580,SM,1,,,1
T3-113,590,SP,1,,,1
T3-113,600,SM,1,33.2,,0
T3-113,610,SM,1,,,1
T3-113,620,SM,1,,,1
T3-113,630,SM,1,31.1,,0
T3-116,10,Pt,0,,thaw depth 68 cm,0
T3-116,20,Pt,0,,,0
T3-116,30,ML,0,83.6,OL?,0
T3-116,40,ML,0,,OL?,1
T3-116,50,ML,0,,OL?,1
T3-116,60,ML,0,12940,ERROR!!!,0
T3-116,70,ML,0,,OL?,1
T3-116,80,ML,1,,OL?,1
T3-116,90,ML,1,106,OL?,0
T3-116,100,ML,1,,OL?,1
T3-116,110,ML,1,,OL?,1
T3-116,120,ML,1,101.3,OL?,0
T3-116,130,ML,1,,OL?,1
T3-116,140,ML,1,,OL?,1
T3-116,150,ML,1,30.6,OL?,0
T3-116,160,ML,1,,,1
T3-116,170,ML,1,,,1
T3-116,180,ML,1,101.5,,0
T3-116,190,ML,1,,,1
T3-116,200,ML,1,,,1
T3-116,210,Pt,1,153.6,,0
T3-116,220,Pt,1,,,0
T3-116,230,Pt,1,,,0
T3-116,240,ML,1,125.1,OL?,0
T3-116,250,ML,1,,OL?,1
T3-116,260,ML,1,,,1
T3-116,270,ML,1,79.6,,0
T3-116,280,ML,1,,,1
T3-116,290,ML,1,,,1
T3-116,300,ML,1,110.1,,0
T3-116,310,ML,1,,,1
T3-116,320,ML,1,,,1
T3-116,330,SM,1,40,,0
T3-116,340,SM,1,,,1
T3-116,350,SM,1,,,1
T3-116,360,SM,1,39.1,,0
T3-116,370,SM,1,,,1
T3-116,380,SM,1,,,1
T3-116,390,SM,1,38.3,,0
T3-116,400,SM,1,,,1
T3-116,410,SM,1,,,1
T3-116,420,SM,1,35.4,,0
T3-116,430,SM,1,,,1
T3-116,440,SM,1,,,1
T3-116,450,SM,1,32.7,,0
T3-116,460,SM,1,,,1
T3-116,470,SM,1,,,1
T3-116,480,SM,1,35.9,,0
T3-116,490,SM,1,,,1
T3-116,500,SM,1,,,1
T3-116,510,SM,1,37.8,,0
T3-116,520,SM,1,,,1
T3-116,530,SM,1,,,1
T3-116,540,SM,1,34.2,,0
T3-116,550,SM,1,,,1
T3-116,560,SM,1,,,1
T3-116,570,SM,1,32.4,,0
T3-116,580,SM,1,,,1
T3-116,590,SM,1,,,1
T3-116,600,SP,1,31.2,,0
T3-116,610,SP,1,,,1
T3-116,620,SP,1,,,1
T3-116,630,SP,1,31.7,,0
T3-119,10,Pt,0,,thaw depth 44 cm,0
T3-119,20,Pt,0,,,0
T3-119,30,ML,0,,OL? no sample,1
T3-119,40,ML,0,,OL?,1
T3-119,50,ML,1,,OL?,1
T3-119,60,ML,1,117.3,OL?,0
T3-119,70,ML,1,,OL?,1
T3-119,80,ML,1,,OL?,1
T3-119,90,ML,1,66.1,OL?,0
T3-119,100,ML,1,,OL?,1
T3-119,110,ML,1,,,1
T3-119,120,ML,1,36.1,,0
T3-119,130,ML,1,,,1
T3-119,140,ML,1,,,1
T3-119,150,ML,1,55.6,,0
T3-119,160,ML,1,,,1
T3-119,170,ML,1,,,1
T3-119,180,ML,1,32.4,,0
T3-119,190,ML,1,,,1
T3-119,200,ML,1,,,1
T3-119,210,ML,1,35.3,,0
T3-119,220,ML,1,,,1
T3-119,230,ML,1,,,1
T3-119,240,Pt,1,313.1,,0
T3-119,250,Pt,1,,OL?,0
T3-119,260,Pt,1,,OL?,0
T3-119,270,ML,1,71.2,,0
T3-119,280,ML,1,,,1
T3-119,290,ML,1,,,1
T3-119,300,ML,1,59.4,,0
T3-119,310,ML,1,,,1
T3-119,320,ML,1,,,1
T3-119,330,ML,1,74,,0
T3-119,340,ML,1,,,1
T3-119,350,ML,1,,,1
T3-119,360,ML,1,37.5,,0
T3-119,370,SM,1,,,1
T3-119,380,SM,1,,,1
T3-119,390,SM,1,41.1,,0
T3-119,400,SM,1,,,1
T3-119,410,SM,1,,,1
T3-119,420,SM,1,35.7,,0
T3-119,430,SM,1,,,1
T3-119,440,SM,1,,,1
T3-119,450,SM,1,33.4,,0
T3-119,460,SM,1,,,1
T3-119,470,SM,1,,,1
T3-119,480,SM,1,32.6,,0
T3-119,490,SM,1,,,1
T3-119,500,SM,1,,,1
T3-119,510,SM,1,35.3,,0
T3-119,520,SM,1,,,1
T3-119,530,SM,1,,,1
T3-119,540,SM,1,32.5,,0
T3-119,550,SM,1,,,1
T3-119,560,SM,1,,,1
T3-119,570,SP,1,30.9,,0
T3-119,580,SM,1,,,1
T3-119,590,SM,1,,,1
T3-119,600,SP,1,33.6,,0
T3-119,610,SP,1,,,1
T3-119,620,SP,1,,,1
T3-119,630,SP,1,27.8,,0
T3-119,640,SP,1,,,1
T3-119,650,SP,1,,,1
T3-119,660,SP,1,32.4,,0
T3-119,670,SP,1,,,1
T3-119,680,SP,1,,,1
T3-119,690,SP,1,28.8,,0
T3-119,700,SP,1,,,1
T3-119,710,SP,1,,,1
T3-119,720,SP,1,28.7,,0
T3-119,730,SP,1,,,1
T3-119,740,GW,1,,,1
T3-119,750,GW,1,11.6,,0
T3-122,10,Pt,0,,thaw depth 54 cm,0
T3-122,20,Pt,0,,,0
T3-122,30,Pt,0,152.6,,0
T3-122,40,Pt,0,,,0
T3-122,50,Pt,1,,,0
T3-122,60,ML,1,103.6,OL?,0
T3-122,70,ML,1,,OL?,1
T3-122,80,ML,1,,OL?,1
T3-122,90,ML,1,88.9,OL?,0
T3-122,100,ML,1,,OL?,1
T3-122,110,ML,1,,OL?,1
T3-122,120,ML,1,64.9,OL?,0
T3-122,130,ML,1,,OL?,1
T3-122,140,ML,1,,,1
T3-122,150,ML,1,36.2,,0
T3-122,160,ML,1,,,1
T3-122,170,ML,1,,,1
T3-122,180,ML,1,33.1,,0
T3-122,190,ML,1,,,1
T3-122,200,ML,1,,,1
T3-122,210,ML,1,29.3,,0
T3-122,220,ML,1,,,1
T3-122,230,ML,1,,,1
T3-122,240,ML,1,35.8,,0
T3-122,250,ML,1,,,1
T3-122,260,Pt,1,,,0
T3-122,270,Pt,1,358.6,,0
T3-122,280,Pt,1,,,0
T3-122,290,ML,1,,OL?,1
T3-122,300,ML,1,46.8,OL?,0
T3-122,310,ML,1,,OL?,1
T3-122,320,SM,1,,,1
T3-122,330,SM,1,76.4,,0
T3-122,340,SM,1,,,1
T3-122,350,SM,1,,,1
T3-122,360,SM,1,41.5,,0
T3-122,370,SM,1,,,1
T3-122,380,SM,1,,,1
T3-122,390,SM,1,40.6,,0
T3-122,400,SM,1,,,1
T3-122,410,SM,1,,,1
T3-122,420,SM,1,43.2,,0
T3-122,430,SM,1,,,1
T3-122,440,SM,1,,,1
T3-122,450,SM,1,33.4,,0
T3-122,460,SM,1,,,1
T3-122,470,SM,1,,,1
T3-122,480,SM,1,33.1,,0
T3-122,490,SM,1,,,1
T3-122,500,SM,1,,,1
T3-122,510,SM,1,32.9,,0
T3-122,520,SM,1,,,1
T3-122,530,SM,1,,,1
T3-122,540,SM,1,32.9,,0
T3-122,550,SM,1,,,1
T3-122,560,SM,1,,,1
T3-122,570,SM,1,31.3,,0
T3-122,580,SM,1,,,1
T3-122,590,SM,1,,,1
T3-122,600,SM,1,32.2,fine to medium sand,0
T3-122,610,SP,1,,,1
T3-122,620,SP,1,,,1
T3-125,10,Pt,0,,thaw depth 62 cm,0
T3-125,20,Pt,0,,,0
T3-125,30,Pt,0,216.9,,0
T3-125,40,Pt,0,,,0
T3-125,50,Pt,0,,,0
T3-125,60,Pt,0,71,sample of frozen silt,0
T3-125,70,ML,1,,,1
T3-125,80,ML,1,,,1
T3-125,90,ML,1,73.5,,0
T3-125,100,ML,1,,,1
T3-125,110,ML,1,,,1
T3-125,120,ML,1,44.4,,0
T3-125,130,ML,1,,,1
T3-125,140,ML,1,,,1
T3-125,150,ML,1,29.1,,0
T3-125,160,ML,1,,,1
T3-125,170,ML,1,,,1
T3-125,180,ML,1,32.6,,0
T3-125,190,ML,1,,,1
T3-125,200,ML,1,,,1
T3-125,210,ML,1,35.1,,0
T3-125,220,ML,1,,,1
T3-125,230,ML,1,,,1
T3-125,240,Pt,1,196.2,,0
T3-125,250,Pt,1,,,0
T3-125,260,Pt,1,,,0
T3-125,270,ML,1,109,OL?,0
T3-125,280,ML,1,,OL?,1
T3-125,290,ML,1,,OL?,1
T3-125,300,ML,1,112.3,OL?,0
T3-125,310,ML,1,,OL?,1
T3-125,320,ML,1,,OL?,1
T3-125,330,ML,1,105.7,,0
T3-125,340,ML,1,,,1
T3-125,350,ML,1,,,1
T3-125,360,SM,1,50,,0
T3-125,370,SM,1,,,1
T3-125,380,SM,1,,,1
T3-125,390,SM,1,47.5,,0
T3-125,400,SM,1,,,1
T3-125,410,SM,1,,,1
T3-125,420,SM,1,38.3,,0
T3-125,430,SM,1,,,1
T3-125,440,SM,1,,,1
T3-125,450,SM,1,34.7,,0
T3-125,460,SM,1,,,1
T3-125,470,SM,1,,,1
T3-125,480,SM,1,33,,0
T3-125,490,SM,1,,,1
T3-125,500,SM,1,,,1
T3-125,510,SM,1,35.6,,0
T3-125,520,SM,1,,,1
T3-125,530,SM,1,,,1
T3-125,540,SM,1,30.3,,0
T3-125,550,SM,1,,,1
T3-125,560,SM,1,,,1
T3-125,570,SM,1,31.5,,0
T3-125,580,SM,1,,,1
T3-125,590,SM,1,,,1
T3-125,600,SM,1,32,,0
T3-125,610,SM,1,,,1
T3-125,620,SM,1,,,1
T3-125,630,SP,1,30.7,trace gravel,0
T3-128,10,Pt,0,,thaw depth 64 cm,0
T3-128,20,Pt,0,,,0
T3-128,30,Pt,0,102.6,,0
T3-128,40,Pt,0,,,0
T3-128,50,Pt,0,,,0
T3-128,60,Pt,0,80.8,sample of frozen silt,0
T3-128,70,ML,1,,,1
T3-128,80,ML,1,,,1
T3-128,90,ML,1,55.9,,0
T3-128,100,ML,1,,,1
T3-128,110,ML,1,,,1
T3-128,120,ML,1,52.1,,0
T3-128,130,ML,1,,,1
T3-128,140,ML,1,,,1
T3-128,150,ML,1,31.6,,0
T3-128,160,ML,1,,,1
T3-128,170,ML,1,,,1
T3-128,180,ML,1,32.5,,0
T3-128,190,ML,1,,,1
T3-128,200,ML,1,,,1
T3-128,210,ML,1,33.7,,0
T3-128,220,ML,1,,,1
T3-128,230,ML,1,,,1
T3-128,240,ML,1,37.4,,0
T3-128,250,ML,1,,OL?,1
T3-128,260,ML,1,,OL?,1
T3-128,270,ML,1,103.7,OL?,0
T3-128,280,ML,1,,OL?,1
T3-128,290,ML,1,,OL?,1
T3-128,300,ML,1,46.8,OL?,0
T3-128,310,ML,1,,OL?,1
T3-128,320,ML,1,,OL?,1
T3-128,330,ML,1,44.8,,0
T3-128,340,ML,1,,,1
T3-128,350,ML,1,,,1
T3-128,360,ML,1,114,,0
T3-128,370,ML,1,,,1
T3-128,380,ML,1,,,1
T3-128,390,ML,1,63.4,,0
T3-128,400,ML,1,,SM?,1
T3-128,410,ML,1,,SM?,1
T3-128,420,ML,1,49.5,SM?,0
T3-128,430,ML,1,,SM?,1
T3-128,440,ML,1,,SM?,1
T3-128,450,ML,1,52.8,SM?,0
T3-128,460,SM,1,,,1
T3-128,470,SM,1,,,1
T3-128,480,SM,1,35.3,,0
T3-128,490,SM,1,,,1
T3-128,500,SM,1,,,1
T3-128,510,SM,1,34.4,,0
T3-128,520,SM,1,,,1
T3-128,530,SM,1,,,1
T3-128,540,SM,1,31.9,,0
T3-128,550,SM,1,,,1
T3-128,560,SP,1,,,1
T3-128,570,SP,1,31.8,,0
T3-128,580,SP,1,,,1
T3-128,590,SP,1,,,1
T3-128,600,SP,1,31.7,,0
T3-128,610,SP,1,,,1
T3-128,620,SP,1,,,1
T3-128,630,SP,1,31.7,,0
T3-128,640,SP,1,,,1
T3-128,650,SP,1,,,1
T3-128,660,SP,1,32.9,,0
T3-128,670,SP,1,,,1
T3-128,680,SP,1,,,1
T3-128,690,SP,1,34.6,,0
T3-128,700,SP,1,,,1
T3-128,710,SP,1,,,1
T3-128,720,SW,1,11.9,30% gravel,0
T3-128,730,SW,1,,,1
T3-128,740,GW,1,,,1
T3-131,10,Pt,0,,thaw depth 48 cm,0
T3-131,20,Pt,0,,,0
T3-131,30,Pt,0,257,,0
T3-131,40,Pt,0,,,0
T3-131,50,Pt,0,,,0
T3-131,60,ML,1,140.9,,0
T3-131,70,ML,1,,,1
T3-131,80,ML,1,,,1
T3-131,90,ML,1,100.3,,0
T3-131,100,ML,1,,,1
T3-131,110,ML,1,,,1
T3-131,120,ML,1,43.3,,0
T3-131,130,ML,1,,,1
T3-131,140,ML,1,,,1
T3-131,150,ML,1,32,,0
T3-131,160,ML,1,,,1
T3-131,170,ML,1,,,1
T3-131,180,ML,1,36,,0
T3-131,190,ML,1,,,1
T3-131,200,ML,1,,,1
T3-131,210,ML,1,32.5,,0
T3-131,220,ML,1,,,1
T3-131,230,ML,1,,,1
T3-131,240,ML,1,31.9,,0
T3-131,250,ML,1,,,1
T3-131,260,ML,1,,,1
T3-131,270,ML,1,34.9,,0
T3-131,280,ML,1,,,1
T3-131,290,ML,1,,OL?,1
T3-131,300,ML,1,32.8,OL? sample - silt,0
T3-131,310,ML,1,,,1
T3-131,320,ML,1,,,1
T3-131,330,ML,1,33,,0
T3-131,340,ML,1,,,1
T3-131,350,ML,1,,,1
T3-131,360,ML,1,38.7,,0
T3-131,370,ML,1,,,1
T3-131,380,ML,1,,,1
T3-131,390,ML,1,42.4,,0
T3-131,400,ML,1,,,1
T3-131,410,ML,1,,,1
T3-131,420,ML,1,43.5,,0
T3-131,430,ML,1,,,1
T3-131,440,ML,1,,,1
T3-131,450,ML,1,34.1,,0
T3-131,460,SM,1,,,1
T3-131,470,SM,1,,,1
T3-131,480,SM,1,27.3,,0
T3-131,490,SM,1,,,1
T3-131,500,SM,1,,,1
T3-131,510,SM,1,33,,0
T3-131,520,SM,1,,,1
T3-131,530,SM,1,,,1
T3-131,540,SM,1,35.6,,0
T3-131,550,SM,1,,,1
T3-131,560,SM,1,,,1
T3-131,570,SM,1,28,,0
T3-131,580,SP,1,,,1
T3-131,590,SP,1,,,1
T3-131,600,SP,1,34.2,,0
T3-131,610,SP,1,,,1
T3-131,620,SP,1,,,1
T3-131,630,SP,1,32.8,,0
T3-134,10,Pt,0,,thaw depth 52 cm,0
T3-134,20,Pt,0,,,0
T3-134,30,ML,0,31.5,,0
T3-134,40,ML,0,,,1
T3-134,50,ML,0,,,1
T3-134,60,ML,1,124.6,,0
T3-134,70,ML,1,,,1
T3-134,80,ML,1,,,1
T3-134,90,ML,1,49.9,,0
T3-134,100,ML,1,,,1
T3-134,110,ML,1,,,1
T3-134,120,ML,1,63.6,,0
T3-134,130,ML,1,,,1
T3-134,140,ML,1,,,1
T3-134,150,ML,1,40.1,,0
T3-134,160,ML,1,,,1
T3-134,170,ML,1,,,1
T3-134,180,ML,1,36.2,,0
T3-134,190,ML,1,,,1
T3-134,200,ML,1,,,1
T3-134,210,ML,1,31.8,,0
T3-134,220,ML,1,,,1
T3-134,230,ML,1,,,1
T3-134,240,ML,1,32.9,,0
T3-134,250,ML,1,,,1
T3-134,260,ML,1,,,1
T3-134,270,ML,1,34.6,,0
T3-134,280,ML,1,,,1
T3-134,290,ML,1,,,1
T3-134,300,ML,1,34.6,,0
T3-134,310,ML,1,,,1
T3-134,320,ML,1,,1 cm peat layer,1
T3-134,330,ML,1,35.2,,0
T3-134,340,ML,1,,,1
T3-134,350,ML,1,,1 cm peat layer,1
T3-134,360,ML,1,39.4,,0
T3-134,370,ML,1,,,1
T3-134,380,ML,1,,,1
T3-134,390,ML,1,32,,0
T3-134,400,SM,1,,,1
T3-134,410,SM,1,,,1
T3-134,420,SM,1,39.5,,0
T3-134,430,SM,1,,,1
T3-134,440,SM,1,,,1
T3-134,450,SM,1,39,,0
T3-134,460,SM,1,,,1
T3-134,470,SM,1,,,1
T3-134,480,SM,1,37.8,,0
T3-134,490,SM,1,,,1
T3-134,500,SM,1,,,1
T3-134,510,SM,1,37.1,,0
T3-134,520,SM,1,,,1
T3-134,530,SM,1,,,1
T3-134,540,SM,1,40.7,,0
T3-134,550,SM,1,,,1
T3-134,560,SW,1,,,1
T3-134,570,GW,1,7.9,,1
T3-137,10,Pt,0,,thaw depth 67 cm,0
T3-137,20,Pt,0,,,0
T3-137,30,ML,0,40.4,,0
T3-137,40,ML,0,,,1
T3-137,50,ML,0,,,1
T3-137,60,ML,0,30.7,,0
T3-137,70,ML,0,,,1
T3-137,80,ML,1,,,1
T3-137,90,ML,1,47.1,,0
T3-137,100,ML,1,,,1
T3-137,110,ML,1,,,1
T3-137,120,ML,1,46.9,,0
T3-137,130,ML,1,,,1
T3-137,140,ML,1,,,1
T3-137,150,ML,1,40.6,,0
T3-137,160,ML,1,,,1
T3-137,170,ML,1,,,1
T3-137,180,ML,1,50.1,,0
T3-137,190,ML,1,,,1
T3-137,200,ML,1,,,1
T3-137,210,ML,1,37.2,,0
T3-137,220,ML,1,,,1
T3-137,230,ML,1,,,1
T3-137,240,ML,1,34.8,,0
T3-137,250,ML,1,,,1
T3-137,260,ML,1,,,1
T3-137,270,ML,1,38.8,,0
T3-137,280,ML,1,,,1
T3-137,290,ML,1,,,1
T3-137,300,ML,1,41.4,,0
T3-137,310,ML,1,,,1
T3-137,320,ML,1,,,1
T3-137,330,ML,1,37.7,,0
T3-137,340,ML,1,,,1
T3-137,350,ML,1,,,1
T3-137,360,SM,1,31.4,organic-rich,0
T3-137,370,SM,1,,organic-rich,1
T3-137,380,SM,1,,organic-rich,1
T3-137,390,SM,1,43.7,organic-rich,0
T3-137,400,ML,1,,organic-rich,1
T3-137,410,Pt,1,,OL?,0
T3-137,420,SM,1,35.4,,0
T3-137,430,SM,1,,,1
T3-137,440,SM,1,,,1
T3-137,450,SM,1,31.8,,0
T3-137,460,SM,1,,,1
T3-137,470,SM,1,,,1
T3-137,480,SM,1,34.1,,0
T3-137,490,SM,1,,,1
T3-137,500,SM,1,,,1
T3-137,510,SM,1,36.5,,0
T3-137,520,SW,1,,,1
T3-137,530,SW,1,,,1
T3-137,540,GW,1,8.6,,1
T3-140,10,Pt,0,,thaw depth 53 cm,0
T3-140,20,Pt,0,,,0
T3-140,30,Pt,0,27.2,sample of frozen silt,0
T3-140,40,ML,0,,,1
T3-140,50,ML,0,,,1
T3-140,60,ML,1,100.2,,0
T3-140,70,ML,1,,,1
T3-140,80,ML,1,,,1
T3-140,90,ML,1,69.1,,0
T3-140,100,ML,1,,,1
T3-140,110,ML,1,,,1
T3-140,120,ML,1,36.2,,0
T3-140,130,ML,1,,,1
T3-140,140,ML,1,,,1
T3-140,150,ML,1,50.1,,0
T3-140,160,ML,1,,,1
T3-140,170,ML,1,,,1
T3-140,180,ML,1,36.6,,0
T3-140,190,ML,1,,,1
T3-140,200,ML,1,,,1
T3-140,210,ML,1,46.9,,0
T3-140,220,ML,1,,,1
T3-140,230,ML,1,,,1
T3-140,240,ML,1,40,,0
T3-140,250,ML,1,,,1
T3-140,260,ML,1,,,1
T3-140,270,ML,1,34.2,,0
T3-140,280,ML,1,,,1
T3-140,290,ML,1,,,1
T3-140,300,ML,1,33.5,,0
T3-140,310,ML,1,,,1
T3-140,320,ML,1,,,1
T3-140,330,ML,1,45.8,,0
T3-140,340,ML,1,,,1
T3-140,350,ML,1,,,1
T3-140,360,ML,1,51.3,,0
T3-140,370,ML,1,,,1
T3-140,380,SM,1,,organic-rich,1
T3-140,390,SM,1,41.9,organic-rich,0
T3-140,400,Pt,1,,,0
T3-140,410,Pt,1,,OL?,0
T3-140,420,ML,1,30.9,,0
T3-140,430,ML,1,,,1
T3-140,440,SM,1,,,1
T3-140,450,SM,1,30,,0
T3-140,460,SM,1,,,1
T3-140,470,SM,1,,,1
T3-140,480,SM,1,33.1,,0
T3-140,490,SM,1,,,1
T3-140,500,SM,1,,,1
T3-140,510,SM,1,32.6,,0
T3-140,520,SM,1,,,1
T3-140,530,GW,1,,,1
T3-143,10,Pt,0,,thaw depth 59 cm,0
T3-143,20,Pt,0,,,0
T3-143,30,ML,0,41.2,,0
T3-143,40,ML,0,,,1
T3-143,50,ML,0,,,1
T3-143,60,ML,0,104.7,sample of frozen silt,0
T3-143,70,ML,1,,,1
T3-143,80,ML,1,,,1
T3-143,90,ML,1,65.3,,0
T3-143,100,ML,1,,,1
T3-143,110,ML,1,,SM?,1
T3-143,120,ML,1,45.7,SM?,0
T3-143,130,ML,1,,SM?,1
T3-143,140,ML,1,,SM?,1
T3-143,150,ML,1,35.5,SM?,0
T3-143,160,ML,1,,SM?,1
T3-143,170,ML,1,,SM?,1
T3-143,180,ML,1,35,SM?,0
T3-143,190,ML,1,,SM?,1
T3-143,200,ML,1,,SM?,1
T3-143,210,ML,1,68.6,SM?,0
T3-143,220,ML,1,,SM?,1
T3-143,230,ML,1,,SM? Organic-rich,1
T3-143,240,ML,1,39.8,SM? Organic-rich,0
T3-143,250,ML,1,,SM? Organic-rich,1
T3-143,260,ML,1,,SM? Organic-rich,1
T3-143,270,ML,1,36.5,SM? Organic-rich,0
T3-143,280,ML,1,,SM? Organic-rich,1
T3-143,290,ML,1,,SM? Organic-rich,1
T3-143,300,ML,1,45.9,SM? Organic-rich,0
T3-143,310,ML,1,,SM? Organic-rich,1
T3-143,320,ML,1,,SM? Organic-rich,1
T3-143,330,ML,1,51.3,SM? Organic-rich,0
T3-143,340,ML,1,,SM? Organic-rich,1
T3-143,350,ML,1,,SM? Organic-rich,1
T3-143,360,ML,1,44.1,SM? Organic-rich,0
T3-143,370,ML,1,,SM? Organic-rich,1
T3-143,380,ML,1,,SM? Organic-rich,1
T3-143,390,Pt,1,80.5,,0
T3-143,400,Pt,1,,,0
T3-143,410,ML,1,,,1
T3-143,420,ML,1,45.6,,0
T3-143,430,ML,1,,,1
T3-143,440,SM,1,,ML?,1
T3-143,450,SM,1,30.2,ML?,0
T3-143,460,SM,1,,ML?,1
T3-143,470,SM,1,,ML?,1
T3-143,480,SM,1,30.9,ML?,0
T3-143,490,SM,1,,ML?,1
T3-143,500,SM,1,,ML?,1
T3-143,510,SW,1,29.7,,0
T3-146,10,Pt,0,,thaw depth 58 cm,0
T3-146,20,Pt,0,,,0
T3-146,30,ML,0,30.9,,0
T3-146,40,ML,0,,,1
T3-146,50,ML,0,,,1
T3-146,60,ML,0,72.5,sample of frozen silt,0
T3-146,70,ML,1,,,1
T3-146,80,ML,1,,,1
T3-146,90,ML,1,58.6,,0
T3-146,100,ML,1,,,1
T3-146,110,ML,1,,SM?,1
T3-146,120,ML,1,40.4,SM?,0
T3-146,130,ML,1,,SM?,1
T3-146,140,ML,1,,SM?,1
T3-146,150,ML,1,41,SM?,0
T3-146,160,ML,1,,SM?,1
T3-146,170,ML,1,,SM?,1
T3-146,180,ML,1,40.9,SM?,0
T3-146,190,ML,1,,SM?,1
T3-146,200,ML,1,,SM?,1
T3-146,210,ML,1,40,SM?,0
T3-146,220,ML,1,,SM?,1
T3-146,230,ML,1,,SM?,1
T3-146,240,ML,1,48,SM?,0
T3-146,250,ML,1,,SM?,1
T3-146,260,ML,1,,SM?,1
T3-146,270,ML,1,41.7,SM?,0
T3-146,280,ML,1,,SM?,1
T3-146,290,ML,1,,SM?,1
T3-146,300,ML,1,41.7,SM?,0
T3-146,310,ML,1,,SM? Organic-rich,1
T3-146,320,ML,1,,SM? Organic-rich,1
T3-146,330,ML,1,48.5,SM? Organic-rich,0
T3-146,340,ML,1,,SM? Organic-rich,1
T3-146,350,ML,1,,SM? Organic-rich,1
T3-146,360,ML,1,41.5,SM?,0
T3-146,370,ML,1,,SM?,1
T3-146,380,ML,1,,SM?,1
T3-146,390,ML,1,43.2,SM?,0
T3-146,400,Pt,1,,,0
T3-146,410,Pt,1,,,0
T3-146,420,SM,1,33.3,ML?,0
T3-146,430,SM,1,,ML?,1
T3-146,440,SM,1,,ML?,1
T3-146,450,SM,1,33.9,ML?,0
T3-146,460,SM,1,,ML?,1
T3-146,470,SM,1,,ML?,1
T3-146,480,SM,1,33.2,ML?,0
T3-146,490,SM,1,,ML?,1
T3-146,500,SM,1,,ML?,1
T3-146,510,GW,1,7.8,,1
T3-149,10,Pt,0,,thaw depth 73 cm,0
T3-149,20,Pt,0,,,0
T3-149,30,ML,0,30.6,,0
T3-149,40,ML,0,,,1
T3-149,50,ML,0,,,1
T3-149,60,ML,0,30.6,,0
T3-149,70,ML,0,,,1
T3-149,80,ML,1,,,1
T3-149,90,ML,1,66.1,,0
T3-149,100,ML,1,,,1
T3-149,110,ML,1,,,1
T3-149,120,ML,1,39.5,,0
T3-149,130,ML,1,,,1
T3-149,140,ML,1,,,1
T3-149,150,ML,1,41.7,,0
T3-149,160,ML,1,,,1
T3-149,170,ML,1,,,1
T3-149,180,ML,1,35,,0
T3-149,190,ML,1,,,1
T3-149,200,ML,1,,,1
T3-149,210,ML,1,31,,0
T3-149,220,ML,1,,,1
T3-149,230,ML,1,,,1
T3-149,240,ML,1,41.6,,0
T3-149,250,ML,1,,,1
T3-149,260,ML,1,,,1
T3-149,270,ML,1,41.6,,0
T3-149,280,ML,1,,,1
T3-149,290,ML,1,,,1
T3-149,300,ML,1,31.2,,0
T3-149,310,ML,1,,,1
T3-149,320,ML,1,,SM? organic-rich,1
T3-149,330,ML,1,48.5,SM? organic-rich,0
T3-149,340,ML,1,,SM? organic-rich,1
T3-149,350,ML,1,,SM? organic-rich,1
T3-149,360,ML,1,54.1,SM? organic-rich,0
T3-149,370,ML,1,,SM? organic-rich,1
T3-149,380,ML,1,,SM? organic-rich,1
T3-149,390,ML,1,50.4,SM? organic-rich,0
T3-149,400,ML,1,,SM? organic-rich,1
T3-149,410,Pt,1,,,0
T3-149,420,SM,1,27.9,,0
T3-149,430,SM,1,,,1
T3-149,440,SM,1,,,1
T3-149,450,SM,1,34.8,,0
T3-149,460,SM,1,,,1
T3-149,470,SM,1,,,1
T3-149,480,SM,1,32.8,,0
T3-149,490,SM,1,,,1
T3-149,500,SM,1,,,1
T3-149,510,GW,1,18,,0
T2-250,10,Pt,0,,,0
T2-250,20,Pt,0,,,0
T2-250,30,ML,0,32.39,,0
T2-250,40,ML,0,,,1
T2-250,50,ML,0,,,1
T2-250,60,ML,0,29.69,,0
T2-250,70,ML,0,,,1
T2-250,80,ML,0,,,1
T2-250,90,ML,0,36.11,,0
T2-250,100,ML,0,,,1
T2-250,110,ML,0,,,1
T2-250,120,ML,0,39.12,,0
T2-250,130,ML,0,,,1
T2-250,140,ML,0,,,1
T2-250,150,ML,0,47.15,,0
T2-250,160,ML,0,,,1
T2-250,170,ML,1,,,1
T2-250,180,ML,1,41.97,,0
T2-250,190,ML,1,,,1
T2-250,200,ML,1,,,1
T2-250,210,ML,1,33.2,,0
T2-250,220,ML,1,,,1
T2-250,230,ML,1,,,1
T2-250,240,ML,1,37.28,,0
T2-250,250,ML,1,,,1
T2-250,260,ML,1,,,1
T2-250,270,ML,1,37.12,,0
T2-250,280,ML,1,,,1
T2-250,290,ML,1,,,1
T2-250,300,ML,1,42.49,,0
T2-250,310,ML,1,,,1
T2-250,320,ML,1,,,1
T2-250,330,ML,1,46.87,,0
T2-250,340,ICE,1,,,1
T2-250,350,ICE,1,,,1
T2-250,360,ICE,1,,,1
T2-250,370,ICE,1,,,1
T2-250,380,ICE,1,,,1
T2-250,390,ICE,1,,,1
T2-250,400,ICE,1,,,1
T2-250,410,ICE,1,,,1
T2-250,420,ICE,1,,,1
T2-250,430,ICE,1,,,1
T2-250,440,ICE,1,,,1
T2-250,450,ICE,1,,,1
T2-250,460,ICE,1,,,1
T2-250,470,ICE,1,,,1
T2-250,480,ICE,1,,,1
T2-250,490,ICE,1,,,1
T2-250,500,ICE,1,,,1
T2-250,510,ICE,1,,,1
T2-250,520,ICE,1,,,1
T2-250,530,ICE,1,,,1
T2-250,540,ICE,1,,,1
T2-250,550,ICE,1,,,1
T2-250,560,ICE,1,,,1
T2-250,570,ICE,1,,,1
T2-250,580,ICE,1,,,1
T2-250,590,ICE,1,,,1
T2-250,600,ICE,1,,,1
T2-250,610,ICE,1,,,1
T2-250,620,ICE,1,,,1
T2-250,630,ICE,1,,,1
T2-250,640,ICE,1,,,1
T2-250,650,ICE,1,,,1
T2-250,660,ICE,1,,,1
T2-250,670,ICE,1,,,1
T2-250,680,ICE,1,,,1
T2-250,690,ICE,1,,,1
T2-250,700,ICE,1,,,1
T2-250,710,ICE,1,,,1
T2-250,720,ICE,1,,,1
T2-250,730,ICE,1,,,1
T2-250,740,ICE,1,,,1
T2-250,750,ICE,1,,,1
T2-250,760,ICE,1,,,1
T2-250,770,ICE,1,,,1
T2-250,780,ICE,1,,,1
T2-250,790,ICE,1,,,1
T2-250,800,ICE,1,,,1
T2-250,810,ICE,1,,,1
T2-250,820,ICE,1,,,1
T2-250,830,ICE,1,,,1
T2-250,840,ML,1,105.72,,0
T2-250,850,ML,1,,,1
T2-250,860,ML,1,,,1
T2-250,870,ML,1,138.83,,0
T2-250,880,ML,1,,,1
T2-250,890,ML,1,,,1
T2-250,900,ML,1,108.87,,0
T2-250,910,ML,1,,,1
T2-250,920,ML,1,,,1
T2-250,930,ML,1,101.22,,0
T2-250,940,ML,1,,,1
T2-250,950,ML,1,,,1
T2-250,960,ML+ICE,1,180,,0
T2-250,970,ML,1,,,1
T2-250,980,ML+ICE,1,,,1
T2-250,990,ML,1,100.74,,0
T2-250,1000,ML,1,,,1
T2-250,1010,ML,1,,,1
T2-250,1020,ML,1,115.76,,0
T2-250,1030,ICE,1,,,1
T2-250,1040,ICE,1,,,1
T2-250,1050,ICE,1,,,1
T2-250,1060,ICE,1,,,1
T2-250,1070,ICE,1,,,1
T2-250,1080,ICE,1,,,1
T2-250,1090,ICE,1,,,1
T2-250,1100,ICE,1,,,1
T2-250,1110,ICE,1,,,1
T2-250,1120,ICE,1,,,1
T2-250,1130,ICE,1,,,1
T2-250,1140,ICE,1,,,1
T2-250,1150,ICE,1,,,1
T2-250,1160,ICE,1,,,1
T2-250,1170,ICE,1,,,1
T2-250,1180,ICE,1,,,1
T2-250,1190,ICE+MC,1,,,1
T2-250,1200,ICE,1,,,1
T2-250,1210,ICE,1,,,1
T2-250,1220,ICE,1,,,1
T2-250,1230,ICE,1,,,1
T2-250,1240,ICE,1,,,1
T2-250,1250,ML+ICE,1,,,1
T2-250,1260,ML+ICE,1,260.91,,0
T2-250,1270,ML,1,,,1
T2-250,1280,ML,1,,,1
T2-250,1290,ML,1,172.86,,0
T2-250,1300,ML,1,,,1
T2-250,1310,ML,1,,,1
T2-250,1320,ML,1,138.12,,0
T2-250,1330,ML,1,,,1
T2-250,1340,ML,1,,,1
T2-250,1350,ML,1,146.41,,0
T2-250,1360,ML,1,,,1
T2-250,1370,ML,1,,,1
T2-250,1380,ML,1,99.58,,0
T2-250,1390,ML,1,,,1
T2-250,1400,GM,1,,,1
T2-250,1410,GM,1,62.04,,0
T2-250,1420,GM,1,,,1
T2-250,1430,GM,1,,,1
T2-250,1440,GM,1,44.74,,0
T2-244,10,Pt,0,,,0
T2-244,20,Pt,0,,,0
T2-244,30,ML,0,63.18565401,,0
T2-244,40,ML,0,,,1
T2-244,50,ML,0,,,1
T2-244,60,ML,0,29.62529274,,0
T2-244,70,ML,0,,,1
T2-244,80,ML,0,,,1
T2-244,90,ML,0,38.38101884,,0
T2-244,100,ML,0,,,1
T2-244,110,ML,0,,,1
T2-244,120,ML,0,55.08083141,,0
T2-244,130,ML,1,,,1
T2-244,140,ML,1,,,1
T2-244,150,ML,1,51.07176142,,0
T2-244,160,ML,1,,,1
T2-244,170,ML,1,,,1
T2-244,180,ML,1,40.48414023,,0
T2-244,190,ML,1,,,1
T2-244,200,ML,1,,,1
T2-244,210,ML,1,32.80839895,,0
T2-244,220,ML,1,,,1
T2-244,230,ML,1,,,1
T2-244,240,ML,1,41.55124654,,0
T2-244,250,ML,1,,,1
T2-244,260,ML,1,,,1
T2-244,270,ML,1,41.07542942,,0
T2-244,280,ML,1,,,1
T2-244,290,ML,1,,,1
T2-244,300,ML,1,44.90595611,,0
T2-244,310,ML,1,,,1
T2-244,320,ML,1,,,1
T2-244,330,ML,1,47.26224784,,0
T2-244,340,ML,1,,,1
T2-244,350,ML,1,,,1
T2-244,360,ML,1,42.64931087,,0
T2-244,370,ML,1,,,1
T2-244,380,ML,1,,,1
T2-244,390,ML,1,44.10977242,,0
T2-244,400,ML,1,,,1
T2-244,410,ICE,1,,,1
T2-244,420,ICE,1,,,1
T2-244,430,ICE,1,,,1
T2-244,440,ICE,1,,,1
T2-244,450,ICE,1,,,1
T2-244,460,ICE,1,,,1
T2-244,470,ICE,1,,,1
T2-244,480,ICE,1,,,1
T2-244,490,ICE,1,,,1
T2-244,500,ICE,1,,,1
T2-244,510,ICE,1,,,1
T2-244,520,ICE,1,,,1
T2-244,530,ICE,1,,,1
T2-244,540,ICE,1,,,1
T2-244,550,ICE,1,,,1
T2-244,560,ICE,1,,,1
T2-244,570,ML,1,67.03967447,,0
T2-244,580,ML,1,,,1
T2-244,590,ML,1,,,1
T2-244,600,ML,1,54.20875421,,0
T2-244,610,ML,1,,,1
T2-244,620,ML,1,,,1
T2-244,630,ML,1,51.7611026,,0
T2-244,640,ML,1,,,1
T2-244,650,ML,1,,,1
T2-244,660,ML,1,54.4991511,,0
T2-244,670,ML,1,,,1
T2-244,680,ML,1,,,1
T2-244,690,ML,1,58.54700855,,0
T2-244,700,ML,1,,,1
T2-244,710,ML,1,,,1
T2-244,720,ML,1,57.3959256,,0
T2-244,730,ML,1,,,1
T2-244,740,ML,1,,,1
T2-244,750,ML,1,59.47368421,,0
T2-244,760,ML,1,,,1
T2-244,770,ML,1,,,1
T2-244,780,ML,1,151.4893617,,0
T2-244,790,ML,1,,,1
T2-244,800,ML,1,,,1
T2-244,810,ML,1,92.63803681,,0
T2-244,820,ML,1,,,1
T2-244,830,ML,1,,,1
T2-244,840,ML,1,106.0639471,,0
T2-244,850,ML,1,,,1
T2-244,860,ML,1,,,1
T2-244,870,ML,1,104.978355,,0
T2-238,10,Pt,0,,,0
T2-238,20,Pt,0,,,0
T2-238,30,ML,0,59.16334661,,0
T2-238,40,ML,0,,,1
T2-238,50,ML,0,,,1
T2-238,60,ML,0,35.01362398,,0
T2-238,70,ML,0,,,1
T2-238,80,ML,0,,,1
T2-238,90,ML,0,42.75286757,,0
T2-238,100,ML,0,,,1
T2-238,110,ML,0,,,1
T2-238,120,ML,0,37.99392097,,0
T2-238,130,ML,0,,,1
T2-238,140,ML,0,,,1
T2-238,150,ML,1,39.67921897,,0
T2-238,160,ML,1,,,1
T2-238,170,ML,1,,,1
T2-238,180,ML,1,39.59866221,,0
T2-238,190,ML,1,,,1
T2-238,200,ML,1,,,1
T2-238,210,ML,1,37.44139317,,0
T2-238,220,ML,1,,,1
T2-238,230,ML,1,,,1
T2-238,240,ML,1,38.90457369,,0
T2-238,250,ML,1,,,1
T2-238,260,ML,1,,,1
T2-238,270,ML,1,37.66328012,,0
T2-238,280,ML,1,,,1
T2-238,290,ML,1,,,1
T2-238,300,ML,1,42.83413849,,0
T2-238,310,ML,1,,,1
T2-238,320,ML,1,,,1
T2-238,330,ML,1,46.75324675,,0
T2-238,340,ML,1,,,1
T2-238,350,ML,1,,,1
T2-238,360,ML,1,46.81194512,,0
T2-238,370,ML,1,,,1
T2-238,380,ML,1,,,1
T2-238,390,ML,1,51.09060403,,0
T2-238,400,ML,1,,,1
T2-238,410,ML,1,,,1
T2-238,420,ML,1,57.15547703,,0
T2-238,430,ML,1,,,1
T2-238,440,ML,1,,,1
T2-238,450,ML,1,62.01486375,,0
T2-238,460,ML,1,,,1
T2-238,470,ML,1,,,1
T2-238,480,ML,1,70.57692308,,0
T2-238,490,ML,1,,,1
T2-238,500,ML,1,,,1
T2-238,510,ML,1,54.81481481,,0
T2-238,520,ML+ICE,1,,,1
T2-238,530,ICE,1,,,1
T2-238,540,ICE,1,,,1
T2-238,550,ICE,1,,,1
T2-238,560,ICE,1,,,1
T2-238,570,ICE,1,,,1
T2-238,580,ICE,1,,,1
T2-238,590,ICE,1,,,1
T2-238,600,ICE,1,,,1
T2-238,610,ICE,1,,,1
T2-238,620,ICE,1,,,1
T2-238,630,ICE,1,,,1
T2-238,640,ICE,1,,,1
T2-238,650,ICE,1,,,1
T2-238,660,ICE,1,,,1
T2-238,670,ICE,1,,,1
T2-238,680,ICE,1,,,1
T2-238,690,ICE,1,,,1
T2-238,700,ICE,1,,,1
T2-238,710,ICE,1,,,1
T2-238,720,ICE,1,,,1
T2-238,730,ICE,1,,,1
T2-238,740,ICE,1,,,1
T2-238,750,ICE,1,,,1
T2-232,10,Pt,0,,,0
T2-232,20,Pt,0,,,0
T2-232,30,ML,0,38.72437358,,0
T2-232,40,ML,0,,,1
T2-232,50,ML,0,,,1
T2-232,60,ML,0,53.28947368,,0
T2-232,70,ML,0,,,1
T2-232,80,ML,0,,,1
T2-232,90,ML,0,40.33264033,,0
T2-232,100,ML,0,,,1
T2-232,110,ML,0,,,1
T2-232,120,ML,0,40.12237762,,0
T2-232,130,ML,0,,,1
T2-232,140,ML,0,,,1
T2-232,150,ML,1,48.69486949,,0
T2-232,160,ML,1,,,1
T2-232,170,ML,1,,,1
T2-232,180,ML,1,44.06919275,,0
T2-232,190,ML,1,,,1
T2-232,200,ML,1,,,1
T2-232,210,ML,1,39.96815287,,0
T2-232,220,ML,1,,,1
T2-232,230,ML,1,,,1
T2-232,240,ML,1,44.89795918,,0
T2-232,250,ML,1,,,1
T2-232,260,ML,1,,,1
T2-232,270,ML,1,45.56482183,,0
T2-232,280,ML,1,,,1
T2-232,290,ML,1,,,1
T2-232,300,ML,1,44.17177914,,0
T2-232,310,ML,1,,,1
T2-232,320,ML,1,,,1
T2-232,330,ML,1,48.74411303,,0
T2-232,340,ML,1,,,1
T2-232,350,ML,1,,,1
T2-232,360,ML,1,50.41322314,,0
T2-232,370,ML,1,,,1
T2-232,380,ML,1,,,1
T2-232,390,ML,1,49.42528736,,0
T2-232,400,ML,1,,,1
T2-232,410,ML,1,,,1
T2-232,420,ML,1,49.6350365,,0
T2-232,430,ML,1,,,1
T2-232,440,ML,1,,,1
T2-232,450,ML,1,52.55255255,,0
T2-232,460,ML,1,,,1
T2-232,470,ML,1,,,1
T2-232,480,ML,1,52.45098039,,0
T2-232,490,ML,1,,,1
T2-232,500,ML,1,,,1
T2-232,510,ML,1,58.42105263,,0
T2-232,520,ML,1,,,1
T2-232,530,ML,1,,,1
T2-232,540,ML,1,56.30048465,,0
T2-232,550,ML,1,,,1
T2-232,560,ML,1,,,1
T2-232,570,ML,1,60.41666667,,0
T2-232,580,ML,1,,,1
T2-232,590,ML,1,,,1
T2-232,600,ML,1,58.74190564,,0
T2-232,610,ML,1,,,1
T2-232,620,ML,1,,,1
T2-232,630,ML,1,77.77777778,,0
T2-232,640,ML,1,,,1
T2-232,650,ML,1,,,1
T2-232,660,ML,1,93.72693727,,0
T2-232,670,ML,1,,,1
T2-232,680,ML,1,,,1
T2-232,690,ML,1,116.3430421,,0
T2-232,700,ML,1,,,1
T2-232,710,ML,1,,,1
T2-232,720,ML,1,80.11310085,,0
T2-232,730,ML,1,,,1
T2-232,740,ML,1,,,1
T2-232,750,ML,1,85.63218391,,0
T2-226,10,Pt,0,,,0
T2-226,20,Pt,0,,,0
T2-226,30,ML,0,37.890625,,0
T2-226,40,ML,0,,,1
T2-226,50,ML,0,,,1
T2-226,60,ML,0,37.5984252,,0
T2-226,70,ML,0,,,1
T2-226,80,ML,0,,,1
T2-226,90,ML,0,39.49880668,,0
T2-226,100,ML,0,,,1
T2-226,110,ML,0,,,1
T2-226,120,ML,0,94.67455621,very high!,0
T2-226,130,ML,1,,,1
T2-226,140,ML,1,,,1
T2-226,150,ML,1,43.80804954,,0
T2-226,160,ML,1,,,1
T2-226,170,ML,1,,,1
T2-226,180,ML,1,40.66420664,,0
T2-226,190,ML,1,,,1
T2-226,200,ICE,1,,,1
T2-226,210,ICE,1,,,1
T2-226,220,ICE,1,,,1
T2-226,230,ICE,1,,,1
T2-226,240,ICE,1,,,1
T2-226,250,ICE,1,,,1
T2-226,260,ICE,1,,,1
T2-226,270,ICE,1,,,1
T2-226,280,ICE,1,,,1
T2-226,290,ICE,1,,,1
T2-226,300,ICE,1,,,1
T2-226,310,ICE,1,,,1
T2-226,320,ICE,1,,,1
T2-226,330,ICE,1,,,1
T2-226,340,ICE,1,,,1
T2-226,350,ICE,1,,,1
T2-226,360,ICE,1,,,1
T2-226,370,ICE,1,,,1
T2-226,380,ICE,1,,,1
T2-226,390,ICE,1,,,1
T2-226,400,ICE,1,,,1
T2-226,410,ICE,1,,,1
T2-226,420,ICE,1,,,1
T2-226,430,ICE,1,,,1
T2-226,440,ICE,1,,,1
T2-226,450,ICE,1,,,1
T2-226,460,ICE,1,,,1
T2-226,470,ICE,1,,,1
T2-226,480,ICE,1,,,1
T2-226,490,ICE,1,,,1
T2-226,500,ICE,1,,,1
T2-226,510,ICE,1,,,1
T2-226,520,ICE,1,,,1
T2-226,530,ICE,1,,,1
T2-226,540,ICE,1,,,1
T2-226,550,ICE,1,,,1
T2-226,560,ICE,1,,,1
T2-226,570,ICE,1,,,1
T2-226,580,ICE,1,,,1
T2-226,590,ICE,1,,,1
T2-226,600,ICE,1,,,1
T2-226,610,ICE,1,,,1
T2-226,620,ICE,1,,,1
T2-226,630,ICE,1,,,1
T2-226,640,ICE,1,,,1
T2-226,650,ML,1,,,1
T2-226,660,ML,1,78.26086957,,0
T2-226,670,ML,1,,,1
T2-226,680,ML,1,,,1
T2-226,690,ML,1,72.38955823,,0
T2-226,700,ML,1,,,1
T2-226,710,ML,1,,,1
T2-226,720,ML,1,78.6614937,,0
T2-226,730,ML,1,,,1
T2-226,740,ML,1,,,1
T2-226,750,ML,1,72.04301075,,0
T2-226,760,ML,1,,,1
T2-226,770,ML,1,,,1
T2-226,780,ML,1,117.6066025,,0
T2-226,790,ML,1,,,1
T2-226,800,ML,1,,,1
T2-226,810,ML,1,121.3333333,,0
T2-226,820,ML,1,,,1
T2-226,830,ML,1,,,1
T2-226,840,ML,1,135.7243319,,0
T2-226,850,ML,1,,,1
T2-226,860,ML,1,,,1
T2-226,870,ML,1,158.2214765,,0
T2-220,10,Pt,0,,,0
T2-220,20,Pt,0,,,0
T2-220,30,ML,0,35.75163399,,0
T2-220,40,ML,0,,,1
T2-220,50,ML,0,,,1
T2-220,60,ML,0,32.19749652,,0
T2-220,70,ML,0,,,1
T2-220,80,ML,0,,,1
T2-220,90,ML,0,39.41493457,,0
T2-220,100,ML,0,,,1
T2-220,110,ML,0,,,1
T2-220,120,ML,0,41.81459566,,0
T2-220,130,ML,0,,,1
T2-220,140,ML,0,,,1
T2-220,150,ML,0,41.08333333,,0
T2-220,160,ML,0,,,1
T2-220,170,ML,0,,,1
T2-220,180,ML,0,42.21374046,,0
T2-220,190,ML,0,,,1
T2-220,200,ML,0,,,1
T2-220,210,ML,1,44.25059477,,0
T2-220,220,ML,1,,,1
T2-220,230,ML,1,,,1
T2-220,240,ML,1,42.90935673,,0
T2-220,250,ML,1,,,1
T2-220,260,ML,1,,,1
T2-220,270,ML,1,42.29299363,,0
T2-220,280,ML,1,,,1
T2-220,290,ML,1,,,1
T2-220,300,ML,1,42.12076583,,0
T2-220,310,ML,1,,,1
T2-220,320,ML,1,,,1
T2-220,330,ML,1,39.42537909,,0
T2-220,340,ML,1,,,1
T2-220,350,ML,1,,,1
T2-220,360,ML,1,47.22689076,,0
T2-220,370,ML,1,,,1
T2-220,380,ML,1,,,1
T2-220,390,ML,1,50.07633588,,0
T2-220,400,ML,1,,,1
T2-220,410,ML,1,,,1
T2-220,420,ML,1,65.29147982,,0
T2-220,430,ML,1,,,1
T2-220,440,ML,1,,,1
T2-220,450,ML,1,77.77777778,,0
T2-220,460,ML,1,,,1
T2-220,470,ML,1,,,1
T2-220,480,ML,1,91.68173599,,0
T2-220,490,ML,1,,,1
T2-220,500,ML,1,,,1
T2-220,510,ML,1,82.64705882,,0
T2-220,520,ML,1,,,1
T2-220,530,ML,1,,,1
T2-220,540,ML,1,100.5069708,,0
T2-220,550,ML,1,,,1
T2-220,560,ML,1,,,1
T2-220,570,ML,1,111.3636364,,0
T2-220,580,ML,1,,,1
T2-220,590,ML,1,,,1
T2-220,600,ML,1,84.76011289,,0
T2-220,610,ML,1,,,1
T2-220,620,ML,1,,,1
T2-220,630,ML,1,129.3276109,,0
T2-220,640,ML,1,,,1
T2-220,650,ML,1,,,1
T2-220,660,ML,1,111.6666667,,0
T2-220,670,ML,1,,,1
T2-220,680,ML,1,,,1
T2-220,690,ML,1,142.5324675,,0
T2-220,700,ML,1,,,1
T2-220,710,ML,1,,,1
T2-220,720,ML,1,62.09952284,,0
T2-220,730,ML,1,,,1
T2-220,740,ML,1,,,1
T2-220,750,ML,1,125.5421687,,0
T2-214,10,Pt,1,,,0
T2-214,20,Pt,0,,,0
T2-214,30,ML,0,41.1205074,,0
T2-214,40,ML,0,,,1
T2-214,50,ML,0,,,1
T2-214,60,ML,0,36.98156682,,0
T2-214,70,ML,0,,,1
T2-214,80,ML,0,,,1
T2-214,90,ML,0,35.57504873,,0
T2-214,100,ML,0,,,1
T2-214,110,ML,0,,,1
T2-214,120,ML,0,38.81401617,,0
T2-214,130,ML,0,,,1
T2-214,140,ML,0,,,1
T2-214,150,ML,0,35,,0
T2-214,160,ML,0,,,1
T2-214,170,ML,1,,,1
T2-214,180,ML,1,32.72490222,,0
T2-214,190,ML,1,,,1
T2-214,200,ML,1,,,1
T2-214,210,ML,1,35.49060543,,0
T2-214,220,ML,1,,,1
T2-214,230,ML,1,,,1
T2-214,240,ML,1,43.26153846,,0
T2-214,250,ML,1,,,1
T2-214,260,ML,1,,,1
T2-214,270,ICE,1,,,1
T2-214,280,ICE,1,,,1
T2-214,290,ICE,1,,,1
T2-214,300,ICE,1,,,1
T2-214,310,ICE,1,,,1
T2-214,320,ICE,1,,,1
T2-214,330,ICE,1,,,1
T2-214,340,ICE,1,,,1
T2-214,350,ICE,1,,,1
T2-214,360,ICE,1,,,1
T2-214,370,ICE,1,,,1
T2-214,380,ICE,1,,,1
T2-214,390,ICE,1,,,1
T2-214,400,ICE,1,,,1
T2-214,410,ICE,1,,,1
T2-214,420,ICE,1,,,1
T2-214,430,ICE,1,,,1
T2-214,440,ICE,1,,,1
T2-214,450,ICE,1,,,1
T2-214,460,ICE,1,,,1
T2-214,470,ICE,1,,,1
T2-214,480,ICE,1,,,1
T2-214,490,ICE,1,,,1
T2-214,500,ICE,1,,,1
T2-214,510,ICE,1,,,1
T2-214,520,ICE,1,,,1
T2-214,530,ICE+ML,1,,,1
T2-214,540,ML,1,75.97938144,,0
T2-214,550,ML,1,,,1
T2-214,560,ML,1,,,1
T2-214,570,ML,1,72.65948633,,0
T2-214,580,ML,1,,,1
T2-214,590,ML,1,,,1
T2-214,600,ML,1,84.70588235,,0
T2-214,610,ML,1,,,1
T2-214,620,ML,1,,,1
T2-214,630,ML,1,107.7445652,,0
T2-214,640,ML,1,,,1
T2-214,650,ML,1,,,1
T2-214,660,ML,1,66.28151261,,0
T2-214,670,ML,1,,,1
T2-214,680,ML,1,,,1
T2-214,690,ML,1,64.6493756,,0
T2-214,700,ML,1,,,1
T2-214,710,ML,1,,,1
T2-214,720,ML,1,85.76309795,,0
T2-214,730,ML,1,,,1
T2-214,740,ML,1,,,1
T2-214,750,ML,1,71.91216834,,0
T2-214,760,ML,1,,,1
T2-214,770,ML,1,,,1
T2-214,780,ML,1,126.2809917,,0
T2-214,790,ML,1,,,1
T2-214,800,ML,1,,,1
T2-214,810,ML,1,74.04162103,,0
T2-214,820,ML,1,,,1
T2-214,830,ML,1,,,1
T2-214,840,ML,1,94.52229299,,0
T2-214,850,ML,1,,,1
T2-214,860,ML,1,,,1
T2-214,870,ML,1,149.010989,,0
T2-208,10,Pt,1,,,0
T2-208,20,Pt,0,,,0
T2-208,30,ML,0,38.58431645,,0
T2-208,40,ML,0,,,1
T2-208,50,ML,0,,,1
T2-208,60,ML,0,34.20888055,,0
T2-208,70,ML,0,,,1
T2-208,80,ML,0,,,1
T2-208,90,ML,0,33.44389165,,0
T2-208,100,ML,0,,,1
T2-208,110,ML,0,,,1
T2-208,120,ML,0,33.73579545,,0
T2-208,130,ML,0,,,1
T2-208,140,ML,0,,,1
T2-208,150,ML,0,36.06210303,,0
T2-208,160,ML,0,,,1
T2-208,170,ML,0,,,1
T2-208,180,ML,0,38.02423113,,0
T2-208,190,ML,0,,,1
T2-208,200,ML,0,,,1
T2-208,210,ML,0,37.56805808,,0
T2-208,220,ML,0,,,1
T2-208,230,ML,0,,,1
T2-208,240,ML,0,40.46973803,,0
T2-208,250,ML,0,,,1
T2-208,260,ML,1,,pereletok,1
T2-208,270,ML,1,46.17396991,pereletok,0
T2-208,280,ML,0,,,1
T2-208,290,ML,0,,,1
T2-208,300,ML,0,41.50058617,,0
T2-208,310,ML,0,,,1
T2-208,320,ICE,1,,degrading wedge,1
T2-208,330,ICE,1,,,1
T2-208,340,ICE,1,,,1
T2-208,350,ICE,1,,,1
T2-208,360,ICE,1,,,1
T2-208,370,ICE,1,,,1
T2-208,380,ICE,1,,,1
T2-208,390,ICE,1,,,1
T2-208,400,ICE,1,,,1
T2-208,410,ML+ICE,1,,,1
T2-208,420,ML+ICE,1,67.15410574,soil,0
T2-208,430,ML,1,,,1
T2-208,440,ML,1,,,1
T2-208,450,ML,1,57.0212766,,0
T2-208,460,ML,1,,,1
T2-208,470,ML,1,,,1
T2-208,480,ML,1,56.31848064,,0
T2-208,490,ML,1,,,1
T2-208,500,ML,1,,,1
T2-208,510,ML,1,65.20061728,,0
T2-208,520,ML,1,,,1
T2-208,530,ML,1,,,1
T2-208,540,ML,1,64.45959104,,0
T2-208,550,ML,1,,,1
T2-208,560,ML,1,,,1
T2-208,570,ML,1,62.58802817,,0
T2-208,580,ML,1,,,1
T2-208,590,ML,1,,,1
T2-208,600,ML,1,66.66666667,,0
T2-208,610,ML,1,,,1
T2-208,620,ML,1,,,1
T2-208,630,ML,1,72.03791469,,0
T2-208,640,ML,1,,,1
T2-208,650,ML,1,,,1
T2-208,660,ML,1,87.48815166,,0
T2-208,670,ML,1,,,1
T2-208,680,ML,1,,,1
T2-208,690,ML,1,66.80896478,,0
T2-208,700,ML,1,,,1
T2-208,710,ML,1,,,1
T2-208,720,ML,1,87.55364807,,0
T2-208,730,ML,1,,,1
T2-208,740,ML,1,,,1
T2-208,750,ML,1,100.8238929,,0
T2-202,10,Pt,1,,,0
T2-202,20,Pt,0,,,0
T2-202,30,ML,0,34.78915663,,0
T2-202,40,ML,0,,,1
T2-202,50,ML,0,,,1
T2-202,60,ML,0,31.41695703,,0
T2-202,70,ML,0,,,1
T2-202,80,ML,0,,,1
T2-202,90,ML,0,32.29847495,,0
T2-202,100,ML,0,,,1
T2-202,110,ML,0,,,1
T2-202,120,ML,0,42.53393665,,0
T2-202,130,ML,0,,,1
T2-202,140,ML,0,,,1
T2-202,150,ML,0,38.63216266,,0
T2-202,160,ML,0,,,1
T2-202,170,ML,0,,,1
T2-202,180,ML,0,37.42889647,,0
T2-202,190,ML,0,,,1
T2-202,200,ML,0,,,1
T2-202,210,ML,0,37.06293706,,0
T2-202,220,ML,0,,,1
T2-202,230,ML,0,,,1
T2-202,240,ML,0,39.66942149,,0
T2-202,250,ML,0,,,1
T2-202,260,ML,0,,,1
T2-202,270,ML,0,42.18266254,,0
T2-202,280,ML,1,,10 cm frozen soil,1
T2-202,290,ICE,1,,,1
T2-202,300,ICE,1,,,1
T2-202,310,ICE,1,,,1
T2-202,320,ICE,1,,,1
T2-202,330,ICE,1,,,1
T2-202,340,ICE,1,,,1
T2-202,350,ICE,1,,,1
T2-202,360,ICE,1,,,1
T2-202,370,ICE,1,,,1
T2-202,380,ICE,1,,,1
T2-202,390,ICE,1,,,1
T2-202,400,ICE,1,,,1
T2-202,410,ICE,1,,,1
T2-202,420,ICE,1,4780,,0
T2-202,430,ICE,1,,,1
T2-202,440,ICE,1,,,1
T2-202,450,ICE,1,6760,,0
T2-202,460,ICE,1,,,1
T2-202,470,ICE,1,,,1
T2-202,480,ICE,1,3288.235294,,0
T2-202,490,ICE,1,,,1
T2-202,500,ICE,1,,,1
T2-202,510,ICE,1,,,1
T2-202,520,ICE,1,,,1
T2-202,530,ICE,1,,,1
T2-202,540,ICE,1,,,1
T2-202,550,ICE,1,,,1
T2-202,560,ICE,1,,,1
T2-202,570,ICE,1,,,1
T2-202,580,ICE,1,,,1
T2-202,590,ICE,1,,,1
T2-202,600,ICE,1,,,1
T2-202,610,ICE,1,,,1
T2-202,620,ICE,1,,,1
T2-202,630,ICE,1,,,1
T2-202,640,ICE,1,,,1
T2-202,650,ICE,1,,,1
T2-202,660,ICE,1,,,1
T2-202,670,ICE,1,,,1
T2-202,680,ICE,1,,,1
T2-202,690,ICE,1,,,1
T2-202,700,ICE,1,,,1
T2-202,710,ICE,1,,,1
T2-202,720,ICE,1,,,1
T2-202,730,ICE,1,,,1
T2-202,740,ICE,1,,,1
T2-196,10,Pt,1,,,0
T2-196,20,Pt,0,,,0
T2-196,30,ML,0,38.50528026,,0
T2-196,40,ML,0,,,1
T2-196,50,ML,0,,,1
T2-196,60,ML,0,36.53603034,,0
T2-196,70,ML,0,,,1
T2-196,80,ML,0,,,1
T2-196,90,ML,0,35.36357986,,0
T2-196,100,ML,0,,,1
T2-196,110,ML,0,,,1
T2-196,120,ML,0,35.8276644,,0
T2-196,130,ML,0,,,1
T2-196,140,ML,0,,,1
T2-196,150,ML,0,36.77007299,,0
T2-196,160,ML,0,,,1
T2-196,170,ML,0,,,1
T2-196,180,ML,0,39.47368421,,0
T2-196,190,ML,0,,,1
T2-196,200,ML,0,,,1
T2-196,210,ML,0,42.25028703,,0
T2-196,220,ML,0,,,1
T2-196,230,ML,0,,,1
T2-196,240,ML,0,43.19727891,,0
T2-196,250,ML,0,,,1
T2-196,260,ML,0,,,1
T2-196,270,ML,1,43.15948602,,0
T2-196,280,ML,1,,,1
T2-196,290,ML,1,,,1
T2-196,300,ML,1,46.75324675,,0
T2-196,310,ML,1,,,1
T2-196,320,ML,1,,,1
T2-196,330,ML,1,60.66746126,,0
T2-196,340,ML,1,,,1
T2-196,350,ML,1,,,1
T2-196,360,ML,1,60.36960986,,0
T2-196,370,ML,1,,,1
T2-196,380,ML,1,,,1
T2-196,390,ML,1,69.05222437,,0
T2-196,400,ML,1,,,1
T2-196,410,ML,1,,,1
T2-196,420,ML,1,64.2078793,,0
T2-196,430,ML,1,,,1
T2-196,440,ML,1,,,1
T2-196,450,ML,1,81.19122257,,0
T2-196,460,ML,1,,,1
T2-196,470,ML,1,,,1
T2-196,480,ML,1,77.83300199,,0
T2-196,490,ML,1,,,1
T2-196,500,ML,1,,,1
T2-196,510,ML,1,83.52402746,,0
T2-196,520,ML,1,,,1
T2-196,530,ML,1,,,1
T2-196,540,ML,1,78.27411168,,0
T2-196,550,ML,1,,,1
T2-196,560,ML,1,,,1
T2-196,570,ML,1,52.91902072,,0
T2-196,580,ML,1,,,1
T2-196,590,ML,1,,,1
T2-196,600,ML,1,54.7706422,,0
T2-196,610,ML,1,,,1
T2-196,620,ML,1,,,1
T2-196,630,ML,1,49.1349481,,0
T2-196,640,ML,1,,,1
T2-196,650,ML,1,,,1
T2-196,660,ML,1,62.95427902,,0
T2-196,670,ML,1,,,1
T2-196,680,ML,1,,,1
T2-196,690,ML,1,124.9632893,,0
T2-196,700,ML,1,,,1
T2-196,710,ML,1,,,1
T2-196,720,ML,1,100.2518892,,0
T2-196,730,ML,1,,,1
T2-196,740,ML,1,,,1
T2-196,750,ML,1,81.53347732,,0
T2-196,760,ML,1,,,1
T2-196,770,ML,1,,,1
T2-196,780,ML,1,82.02502844,,0
T2-196,790,ML,1,,,1
T2-196,800,ML,1,,,1
T2-196,810,ML,1,80.4664723,,0
T2-190,10,Pt,1,,,0
T2-190,20,Pt,0,,,0
T2-190,30,ML,0,48.48812095,,0
T2-190,40,ML,0,,,1
T2-190,50,ML,0,,,1
T2-190,60,ML,0,34.84504913,,0
T2-190,70,ML,0,,,1
T2-190,80,ML,0,,,1
T2-190,90,ML,0,39.73509934,,0
T2-190,100,ML,0,,,1
T2-190,110,ML,0,,,1
T2-190,120,ML,0,34.01983219,,0
T2-190,130,ML,0,,,1
T2-190,140,ML,0,,,1
T2-190,150,ML,0,35.3736089,,0
T2-190,160,ML,0,,,1
T2-190,170,ML,0,,,1
T2-190,180,ML,0,67.45230079,,0
T2-190,190,ML,0,,,1
T2-190,200,ML,0,,,1
T2-190,210,ML,1,42.99339692,,0
T2-190,220,ML,1,,,1
T2-190,230,ML,1,,,1
T2-190,240,ML,1,42.86809816,,0
T2-190,250,ML,1,,,1
T2-190,260,ML,0,,unfrozen,1
T2-190,270,ML,1,43.80587484,,0
T2-190,280,ML,1,,,1
T2-190,290,ML,1,,,1
T2-190,300,ML,1,45.87973274,,0
T2-190,310,ML,1,,,1
T2-190,320,ML,1,,,1
T2-190,330,ML,1,60.83844581,,0
T2-190,340,ML,1,,,1
T2-190,350,ML,1,,,1
T2-190,360,ICE,1,,,1
T2-190,370,ICE,1,,,1
T2-190,380,ICE,1,,,1
T2-190,390,ICE,1,,,1
T2-190,400,ICE,1,,,1
T2-190,410,ICE+ML,1,,,1
T2-190,420,ML,1,139.1304348,,0
T2-190,430,ML,1,,,1
T2-190,440,ML,1,,,1
T2-190,450,ML,1,66.23222749,,0
T2-190,460,ML,1,,,1
T2-190,470,ML,1,,,1
T2-190,480,ML,1,68.46625767,,0
T2-190,490,ML,1,,,1
T2-190,500,ML,1,,,1
T2-190,510,ML,1,66.29339306,,0
T2-190,520,ML,1,,,1
T2-190,530,ML,1,,,1
T2-190,540,ML,1,71.875,,0
T2-190,550,ML,1,,,1
T2-190,560,ML,1,,,1
T2-190,570,ML,1,151.9630485,,0
T2-190,580,ML,1,,,1
T2-190,590,ML,1,,,1
T2-190,600,ML,1,85.87933248,,0
T2-190,610,ML,1,,,1
T2-190,620,ML,1,,,1
T2-190,630,ML,1,62.23564955,,0
T2-190,640,ML,1,,,1
T2-190,650,ML,1,,,1
T2-190,660,ML,1,103.3846154,,0
T2-190,670,ML,1,,,1
T2-190,680,ML,1,,,1
T2-190,690,ML,1,57.59562842,,0
T2-190,700,ML,1,,,1
T2-190,710,ML,1,,,1
T2-190,720,ML,1,115.0515464,,0
T2-190,730,ML,1,,,1
T2-190,740,ML,1,,,1
T2-190,750,ML,1,93.74167776,,0
T2-190,760,ML,1,,,1
T2-190,770,ML,1,,,1
T2-190,780,ML,1,93.88535032,,0
T2-184,10,Pt,1,,,0
T2-184,20,Pt,0,,,0
T2-184,30,ML,0,54,,0
T2-184,40,ML,0,,,1
T2-184,50,ML,0,,,1
T2-184,60,ML,0,39.54372624,,0
T2-184,70,ML,0,,,1
T2-184,80,ML,0,,,1
T2-184,90,ML,0,34.92286115,,0
T2-184,100,ML,0,,,1
T2-184,110,ML,0,,,1
T2-184,120,ML,0,31.64300203,,0
T2-184,130,ML,0,,,1
T2-184,140,ML,0,,,1
T2-184,150,ML,0,30.2715655,,0
T2-184,160,ML,0,,,1
T2-184,170,ML,0,,,1
T2-184,180,ML,1,38.27319588,,0
T2-184,190,ML,1,,,1
T2-184,200,ML,1,,,1
T2-184,210,ML,1,37.15885234,,0
T2-184,220,ML,1,,,1
T2-184,230,ML,1,,,1
T2-184,240,ML,1,38.05243446,,0
T2-184,250,ML,1,,,1
T2-184,260,ML,1,,,1
T2-184,270,ML,1,39.76095618,,0
T2-184,280,ML,1,,,1
T2-184,290,ML,1,,,1
T2-184,300,ML,1,46.53550043,,0
T2-184,310,ML,1,,,1
T2-184,320,ML,1,,,1
T2-184,330,ML,1,45.20547945,,0
T2-184,340,ML,1,,,1
T2-184,350,ML,1,,,1
T2-184,360,ML,1,44.34199497,,0
T2-184,370,ML,1,,,1
T2-184,380,ML,1,,,1
T2-184,390,ML,1,56.66347076,,0
T2-184,400,ML,1,,,1
T2-184,410,ML,1,,,1
T2-184,420,ML,1,60.0913242,,0
T2-184,430,ML,1,,,1
T2-184,440,ML,1,,,1
T2-184,450,ML,1,42.46395806,,0
T2-184,460,ML,1,,,1
T2-184,470,ML,1,,,1
T2-184,480,ICE,1,,,1
T2-184,490,ICE,1,,,1
T2-184,500,ICE,1,,,1
T2-184,510,ICE,1,,,1
T2-184,520,ICE,1,,,1
T2-184,530,ICE,1,,,1
T2-184,540,ICE,1,,,1
T2-184,550,ICE,1,,,1
T2-184,560,ICE,1,,,1
T2-184,570,ICE,1,,,1
T2-184,580,ICE,1,,,1
T2-184,590,ICE,1,,,1
T2-184,600,ICE,1,,,1
T2-184,610,ICE,1,,,1
T2-184,620,ICE,1,,,1
T2-184,630,ICE,1,,,1
T2-184,640,ICE,1,,,1
T2-184,650,ICE,1,,,1
T2-184,660,ICE,1,,,1
T2-184,670,ICE,1,,,1
T2-184,680,ICE,1,,,1
T2-184,690,ICE,1,,,1
T2-184,700,ICE,1,,,1
T2-184,710,ML,1,,,1
T2-184,720,ML,1,57.34126984,,0
T2-184,730,ML,1,,,1
T2-184,740,ML,1,,,1
T2-184,750,ML,1,67.03176342,,0
T2-184,760,ML,1,,,1
T2-184,770,ML,1,,,1
T2-184,780,ML,1,67.65641569,,0
T2-178,10,Pt,1,,,0
T2-178,20,Pt,0,,,0
T2-178,30,ML,0,33.88925951,,0
T2-178,40,ML,0,,,1
T2-178,50,ML,0,,,1
T2-178,60,ML,0,35.06493506,,0
T2-178,70,ML,0,,,1
T2-178,80,ML,0,,,1
T2-178,90,ML,0,37.71121352,,0
T2-178,100,ML,0,,,1
T2-178,110,ML,0,,,1
T2-178,120,ML,0,39.44491169,,0
T2-178,130,ML,0,,,1
T2-178,140,ML,1,,,1
T2-178,150,ML,1,49.91554054,,0
T2-178,160,ML,1,,,1
T2-178,170,ML,1,,,1
T2-178,180,ML,1,40.5691595,,0
T2-178,190,ML,1,,,1
T2-178,200,ML,1,,,1
T2-178,210,ML,1,40.50064185,,0
T2-178,220,ICE,1,,,1
T2-178,230,ICE,1,,,1
T2-178,240,ICE,1,,,1
T2-178,250,ICE,1,,,1
T2-178,260,ICE,1,,,1
T2-178,270,ICE,1,,,1
T2-178,280,ICE,1,,,1
T2-178,290,ICE,1,,,1
T2-178,300,ICE,1,,,1
T2-178,310,ICE,1,,,1
T2-178,320,ICE,1,,,1
T2-178,330,ICE,1,,,1
T2-178,340,ICE,1,,,1
T2-178,350,ICE,1,,,1
T2-178,360,ICE,1,,,1
T2-178,370,ICE,1,,,1
T2-178,380,ICE,1,,,1
T2-178,390,ICE,1,,,1
T2-178,400,ICE,1,,,1
T2-178,410,ICE,1,,,1
T2-178,420,ICE,1,,,1
T2-178,430,ICE,1,,,1
T2-178,440,ICE,1,,,1
T2-178,450,ICE,1,,,1
T2-178,460,ICE,1,,,1
T2-178,470,ICE,1,,,1
T2-178,480,ICE,1,,,1
T2-178,490,ICE,1,,,1
T2-178,500,ICE,1,,,1
T2-178,510,ICE,1,,,1
T2-178,520,ICE,1,,,1
T2-178,530,ICE,1,,,1
T2-178,540,ICE,1,,label 17',1
T2-178,550,ICE,1,,,1
T2-178,560,ICE,1,,,1
T2-178,570,ICE,1,,,1
T2-178,580,ICE,1,,,1
T2-178,590,ICE,1,,,1
T2-178,600,ICE,1,,,1
T2-178,610,ICE,1,,,1
T2-178,620,ICE,1,,,1
T2-178,630,ICE,1,,,1
T2-178,640,ICE,1,,,1
T2-178,650,ICE,1,,,1
T2-178,660,ICE,1,,,1
T2-178,670,ICE,1,,,1
T2-178,680,ICE,1,,,1
T2-178,690,ICE,1,,,1
T2-178,700,ICE,1,,,1
T2-178,710,ICE,1,,,1
T2-178,720,ICE,1,,,1
T2-178,730,ICE,1,,,1
T2-178,740,ICE,1,,,1
T2-178,750,ICE,1,,,1
T2-178,760,ICE,1,,,1
T2-178,770,ICE,1,,,1
T2-178,780,ICE,1,,,1
T2-172,10,Pt,1,,,0
T2-172,20,Pt,0,,,0
T2-172,30,ML,0,40.60494959,,0
T2-172,40,ML,0,,,1
T2-172,50,ML,0,,,1
T2-172,60,ML,0,36.88760807,,0
T2-172,70,ML,0,,,1
T2-172,80,ML,0,,,1
T2-172,90,ML,0,36.1804996,,0
T2-172,100,ML,0,,,1
T2-172,110,ML,0,,,1
T2-172,120,ML,0,38.61386139,,0
T2-172,130,ML,0,,,1
T2-172,140,ML,1,,,1
T2-172,150,ML,1,35.57133635,,0
T2-172,160,ML,1,,,1
T2-172,170,ML,1,,,1
T2-172,180,ML,1,41.53284672,,0
T2-172,190,ML,1,,,1
T2-172,200,ML,1,,,1
T2-172,210,ICE,1,,,1
T2-172,220,ICE,1,,,1
T2-172,230,ICE,1,,,1
T2-172,240,ICE,1,,,1
T2-172,250,ICE,1,,,1
T2-172,260,ICE,1,,,1
T2-172,270,ICE,1,,,1
T2-172,280,ICE,1,,,1
T2-172,290,ICE,1,,,1
T2-172,300,ICE,1,,,1
T2-172,310,ICE,1,,,1
T2-172,320,ICE,1,,,1
T2-172,330,ICE,1,,,1
T2-172,340,ICE,1,,,1
T2-172,350,ICE,1,,,1
T2-172,360,ICE,1,,,1
T2-172,370,ICE,1,,,1
T2-172,380,ICE,1,,,1
T2-172,390,ICE,1,,,1
T2-172,400,ICE,1,,,1
T2-172,410,ICE,1,,,1
T2-172,420,ICE,1,,,1
T2-172,430,ICE,1,,,1
T2-172,440,ICE,1,,,1
T2-172,450,ICE,1,,,1
T2-172,460,ICE,1,,,1
T2-172,470,ICE,1,,,1
T2-172,480,ICE,1,,,1
T2-172,490,ICE,1,,,1
T2-172,500,ICE,1,,,1
T2-172,510,ICE,1,,,1
T2-172,520,ICE,1,,,1
T2-172,530,ICE,1,,,1
T2-172,540,ICE,1,,,1
T2-172,550,ICE,1,,,1
T2-172,560,ICE,1,,,1
T2-172,570,ICE,1,,,1
T2-172,580,ICE,1,,,1
T2-172,590,ICE,1,,,1
T2-172,600,ICE,1,,,1
T2-172,610,ICE,1,,,1
T2-172,620,ICE,1,,,1
T2-172,630,ICE,1,,,1
T2-172,640,ICE,1,,,1
T2-172,650,ICE,1,,,1
T2-172,660,ICE,1,,,1
T2-172,670,ICE,1,,,1
T2-172,680,ICE,1,,,1
T2-172,690,ICE,1,,,1
T2-172,700,ICE,1,,,1
T2-172,710,ICE,1,,,1
T2-172,720,ICE,1,,,1
T2-172,730,ICE,1,,,1
T2-172,740,ICE,1,,,1
T2-166,10,Pt,1,,,0
T2-166,20,Pt,0,,,0
T2-166,30,ML,0,46.76190476,,0
T2-166,40,ML,0,,,1
T2-166,50,ML,0,,,1
T2-166,60,ML,0,46.46716542,,0
T2-166,70,ML,0,,,1
T2-166,80,ML,0,,,1
T2-166,90,ML,0,44.72111554,,0
T2-166,100,ML,0,,,1
T2-166,110,ML,0,,,1
T2-166,120,ML,0,54.38247012,,0
T2-166,130,ML,1,,,1
T2-166,140,ML,1,,,1
T2-166,150,ML,1,48.89589905,,0
T2-166,160,ML,1,,,1
T2-166,170,ML,1,,,1
T2-166,180,ML,1,42.71211022,,0
T2-166,190,ML,1,,,1
T2-166,200,ML,1,,,1
T2-166,210,ML,1,42.45585875,,0
T2-166,220,ML,1,,,1
T2-166,230,ML,1,,,1
T2-166,240,ML,1,38.96285915,,0
T2-166,250,ML,1,,,1
T2-166,260,ML,1,,,1
T2-166,270,ML,1,46.70380687,,0
T2-166,280,ML,1,,,1
T2-166,290,ML,1,,,1
T2-166,300,ML,1,44.61426492,,0
T2-166,310,ML,1,,,1
T2-166,320,ML,1,,,1
T2-166,330,ML,1,49.23076923,,0
T2-166,340,ML,1,,,1
T2-166,350,ML,1,,,1
T2-166,360,ML,1,48.02015839,,0
T2-166,370,ML,1,,,1
T2-166,380,ML,1,,,1
T2-166,390,ML,1,50.45513654,,0
T2-166,400,ML,1,,,1
T2-166,410,ML,1,,,1
T2-166,420,ML,1,49.36708861,,0
T2-166,430,ML,1,,,1
T2-166,440,ML,1,,,1
T2-166,450,ML,1,53.06748466,,0
T2-166,460,ML,1,,,1
T2-166,470,ML,1,,,1
T2-166,480,ML,1,59.2628516,,0
T2-166,490,ML,1,,,1
T2-166,500,ML,1,,,1
T2-166,510,ML,1,57.83783784,,0
T2-166,520,ML,1,,,1
T2-166,530,ML,1,,,1
T2-166,540,ML,1,50.65252855,,0
T2-166,550,ML,0,,unfrozen,1
T2-166,560,ML,1,,,1
T2-166,570,ML,1,64.65201465,,0
T2-166,580,ML,1,,,1
T2-166,590,ML,1,,,1
T2-166,600,ML,1,56.35319454,,0
T2-166,610,ML,1,,,1
T2-166,620,ML,1,,,1
T2-166,630,ML,1,69.356301,,0
T2-166,640,ML,1,,,1
T2-166,650,ML,1,,,1
T2-166,660,ML,1,59.50128977,,0
T2-166,670,ML,1,,,1
T2-166,680,ML,1,,,1
T2-166,690,ML,1,79.0842872,,0
T2-166,700,ML,1,,,1
T2-166,710,ML,1,,,1
T2-166,720,ML,1,69.62421712,,0
T2-166,730,ML,1,,,1
T2-166,740,ML,1,,,1
T2-166,750,ML,1,71.56862745,,0
T2-160,10,ML,1,,,1
T2-160,20,ML,0,,,1
T2-160,30,Pt,0,70.06507592,,0
T2-160,40,ML,0,,,1
T2-160,50,ML,0,,,1
T2-160,60,ML,0,43.24758842,,0
T2-160,70,ML,0,,,1
T2-160,80,ML,0,,,1
T2-160,90,ML,0,33.51351351,,0
T2-160,100,ML,0,,,1
T2-160,110,ML,0,,,1
T2-160,120,ML,0,41.81957187,,0
T2-160,130,ML,0,,,1
T2-160,140,ML,1,,,1
T2-160,150,ML,1,55.14541387,,0
T2-160,160,ML,1,,,1
T2-160,170,ML,1,,,1
T2-160,180,ML,1,41.93548387,,0
T2-160,190,ML,1,,,1
T2-160,200,ML,1,,,1
T2-160,210,ML,1,49.789385,,0
T2-160,220,ML,1,,,1
T2-160,230,ML,1,,,1
T2-160,240,ML,1,44.64141821,,0
T2-160,250,ML,1,,,1
T2-160,260,ML,1,,,1
T2-160,270,ML,1,56.88671557,,0
T2-160,280,ML,1,,,1
T2-160,290,ML,1,,,1
T2-160,300,ML,1,68.84875847,,0
T2-160,310,ML,1,,,1
T2-160,320,ICE,1,,TCI?,1
T2-160,330,ICE,1,,TCI?,1
T2-160,340,ICE,1,,TCI?,1
T2-160,350,ML,1,,,1
T2-160,360,ML,1,57.26698262,,0
T2-160,370,ML,1,,,1
T2-160,380,ML,1,,,1
T2-160,390,ML,1,56.63841808,,0
T2-160,400,ML,1,,,1
T2-160,410,ML,1,,,1
T2-160,420,ML,1,54.58646617,,0
T2-160,430,ML,1,,,1
T2-160,440,ML,1,,,1
T2-160,450,ML,1,61.15326252,,0
T2-160,460,ML,1,,,1
T2-160,470,ML,1,,,1
T2-160,480,ML,1,68.35326587,,0
T2-160,490,ML,1,,,1
T2-160,500,ML+ICE,1,,,1
T2-160,510,ML+ICE,1,73.66447985,soil,0
T2-160,520,ML,1,,,1
T2-160,530,ML,1,,,1
T2-160,540,ML,1,75.40360874,,0
T2-160,550,ML,1,,,1
T2-160,560,ML,1,,,1
T2-160,570,ML+ICE,1,82.72727273,soil,0
T2-160,580,ML+ICE,1,,,1
T2-160,590,ML+ICE,1,,,1
T2-160,600,ML,1,77.57390418,,0
T2-160,610,ML,1,,,1
T2-160,620,ML,1,,,1
T2-160,630,ML,1,82.84228769,,0
T2-160,640,ML,1,,,1
T2-160,650,ML,1,,,1
T2-160,660,ML,1,89.07849829,,0
T2-160,670,ML,1,,,1
T2-160,680,ML,1,,,1
T2-160,690,ML,1,59.28753181,,0
T2-160,700,ML,1,,,1
T2-160,710,ML,1,,,1
T2-160,720,ML,1,66.04110813,,0
T2-160,730,ML,1,,,1
T2-160,740,ML,1,,,1
T2-160,750,ML,1,52.90102389,,0
T2-154,10,ML,1,,,1
T2-154,20,Pt,1,,,0
T2-154,30,Pt,0,145.5421687,,0
T2-154,40,ML,0,,,1
T2-154,50,ML,0,,,1
T2-154,60,ML,0,36.60377358,,0
T2-154,70,ML,0,,,1
T2-154,80,ML,0,,,1
T2-154,90,ML,0,34.14127424,,0
T2-154,100,ML,0,,,1
T2-154,110,ML,0,,,1
T2-154,120,ML,0,46.01344861,,0
T2-154,130,ML,0,,,1
T2-154,140,ML,1,,,1
T2-154,150,ML,1,80.49605411,,0
T2-154,160,ML,1,,,1
T2-154,170,ML,1,,,1
T2-154,180,ML,1,56.82210708,,0
T2-154,190,ML,1,,,1
T2-154,200,ML,1,,,1
T2-154,210,ML,1,40.546875,,0
T2-154,220,ML,1,,,1
T2-154,230,ML,1,,,1
T2-154,240,ML,1,32.44084682,,0
T2-154,250,ML,1,,,1
T2-154,260,ML,1,,,1
T2-154,270,ML,1,32.34939759,,0
T2-154,280,ML,1,,,1
T2-154,290,ML,1,,,1
T2-154,300,ML,1,40.3348554,,0
T2-154,310,ML,1,,,1
T2-154,320,ML,1,,,1
T2-154,330,ML,1,44.04388715,,0
T2-154,340,ML,1,,,1
T2-154,350,ML,1,,,1
T2-154,360,ML,1,47.03038674,,0
T2-154,370,ML,1,,,1
T2-154,380,ML,1,,,1
T2-154,390,ML,1,45.78085642,,0
T2-154,400,ML,1,,,1
T2-154,410,ML,1,,,1
T2-154,420,ML,1,61.59793814,,0
T2-154,430,ML,1,,,1
T2-154,440,ML,1,,,1
T2-154,450,ML,1,57.24033359,,0
T2-154,460,ML,1,,,1
T2-154,470,ML,1,,,1
T2-154,480,ML,1,60.95132743,,0
T2-154,490,ML,1,,,1
T2-154,500,ML,1,,,1
T2-154,510,ML,1,83.21167883,,0
T2-154,520,ML,1,,,1
T2-154,530,ML,1,,,1
T2-154,540,ML,1,49.11660777,,0
T2-154,550,ML,1,,,1
T2-154,560,ML,1,,,1
T2-154,570,ML,1,83.71757925,,0
T2-154,580,ML,1,,,1
T2-154,590,ML,1,,,1
T2-154,600,ML,1,61.39670223,,0
T2-154,610,ML,1,,,1
T2-154,620,ML,1,,,1
T2-154,630,ML,1,68.72964169,,0
T2-154,640,ML,1,,,1
T2-154,650,ML,1,,,1
T2-154,660,ML,1,87.55555556,,0
T2-154,670,ML,1,,,1
T2-154,680,ML,1,,,1
T2-154,690,ML,1,103.237858,,0
T2-154,700,ML,1,,,1
T2-154,710,ML,1,,,1
T2-154,720,ML,1,93.28063241,,0
T2-154,730,ML,1,,,1
T2-154,740,ML,1,,,1
T2-154,750,ML,1,89.9026764,,0
T2-148,10,ML,1,,,1
T2-148,20,ML,1,,,1
T2-148,30,Pt,1,204.1666667,,0
T2-148,40,ML,0,,,1
T2-148,50,ML,0,,,1
T2-148,60,ML,0,68.06411837,,0
T2-148,70,ML,0,,,1
T2-148,80,ML,0,,,1
T2-148,90,ML,0,40.43082022,,0
T2-148,100,ML,0,,,1
T2-148,110,ML,0,,,1
T2-148,120,ML,0,98.28080229,,0
T2-148,130,ML,0,,,1
T2-148,140,ML,0,,,1
T2-148,150,ML,0,41.03773585,,0
T2-148,160,ML,1,,,1
T2-148,170,ML,1,,,1
T2-148,180,ML,1,41.07485605,,0
T2-148,190,ML,1,,,1
T2-148,200,ML,1,,,1
T2-148,210,ML,1,42.73281114,,0
T2-148,220,ML,1,,,1
T2-148,230,ML,1,,,1
T2-148,240,ML,1,68.38777661,,0
T2-148,250,ML,1,,,1
T2-148,260,ML,1,,,1
T2-148,270,ML,1,42.2275641,,0
T2-148,280,ML,1,,,1
T2-148,290,ML,1,,,1
T2-148,300,ML,1,45.45454545,,0
T2-148,310,ML,1,,,1
T2-148,320,ML,1,,,1
T2-148,330,ML,1,39.24581006,,0
T2-148,340,ML,1,,,1
T2-148,350,ML,1,,,1
T2-148,360,ML,1,64.83893077,,0
T2-148,370,ML,1,,,1
T2-148,380,ML,1,,,1
T2-148,390,ML,1,74.5,,0
T2-148,400,ML,1,,,1
T2-148,410,ML,1,,,1
T2-148,420,ML,1,65.03608661,,0
T2-148,430,ML,1,,,1
T2-148,440,ML,1,,,1
T2-148,450,ML,1,58.14126394,,0
T2-148,460,ML,1,,,1
T2-148,470,ML,1,,,1
T2-148,480,ML,1,53.38610378,,0
T2-148,490,ML,1,,,1
T2-148,500,ML,1,,,1
T2-148,510,ML,1,54.27046263,,0
T2-148,520,ML,1,,,1
T2-148,530,ML,1,,,1
T2-148,540,ML,1,48.88152444,,0
T2-148,550,ML,1,,,1
T2-148,560,ML,1,,,1
T2-148,570,ML,1,64.39649359,,0
T2-148,580,ML,1,,,1
T2-148,590,ML,1,,,1
T2-148,600,ML,1,68.08134394,,0
T2-148,610,ML,1,,,1
T2-148,620,ML,1,,,1
T2-148,630,ML,1,86.56898657,,0
T2-148,640,ML,1,,,1
T2-148,650,ML,1,,,1
T2-148,660,ML,1,56.56387665,,0
T2-148,670,ML,1,,,1
T2-148,680,ML,1,,,1
T2-148,690,ML,1,81.48148148,,0
T2-148,700,ML,1,,,1
T2-148,710,ML,1,,,1
T2-148,720,ML,1,80.10810811,,0
T2-148,730,ML,1,,,1
T2-148,740,ML,1,,,1
T2-148,750,ML,1,99.5157385,,0
T2-148,760,ML,1,,,1
T2-148,770,ML,1,,,1
T2-148,780,ML,1,68.30092984,,0
T2-148,790,ML,1,,,1
T2-148,800,ML,1,,,1
T2-148,810,ML,1,76.96737044,,0
T2-148,820,ML,1,,,1
T2-148,830,ML,1,,,1
T2-148,840,ML,1,83.06074766,,0
T2-148,850,ML,1,,,1
T2-148,860,ML,1,,,1
T2-148,870,ML,1,69.83718937,,0
T2-148,880,ML,1,,,1
T2-148,890,ML,1,,,1
T2-148,900,ML,1,71.42857143,,0
T2-148,910,ML,1,,,1
T2-148,920,ML,1,,,1
T2-148,930,ML,1,54.115421,,0
T2-148,940,ML,1,,,1
T2-148,950,ML,1,,,1
T2-148,960,ML,1,90.37037037,,0
T2-148,970,ML,1,,,1
T2-148,980,ML,1,,,1
T2-148,990,ML,1,84.67475193,,0
T2-148,1000,ML,1,,,1
T2-148,1010,ML,1,,,1
T2-148,1020,ML,1,67.38782051,,0
T2-148,1030,ML,1,,,1
T2-148,1040,ML,1,,,1
T2-148,1050,ML,1,85.26970954,,0
T2-148,1060,ML,1,,,1
T2-148,1070,ML,1,,,1
T2-148,1080,ML,1,88.72017354,,0
T2-148,1090,ML,1,,,1
T2-148,1100,ML,1,,,1
T2-148,1110,ML,1,62.44725738,,0
T2-148,1120,ML,1,,,1
T2-148,1130,ML,1,,,1
T2-148,1140,ML,1,133.1683168,,0
T2-148,1150,ML,1,,,1
T2-148,1160,ML,1,,,1
T2-148,1170,ML,1,69.84924623,,0
T2-148,1180,ML,1,,,1
T2-148,1190,ML,1,,,1
T2-148,1200,ML,1,105.9445178,,0
T2-148,1210,ML,1,,,1
T2-148,1220,ML,1,,,1
T2-148,1230,ML,1,74.20526794,,0
T2-148,1240,ML,1,,,1
T2-148,1250,ML,1,,,1
T2-148,1260,ML,1,75.11520737,,0
T2-148,1270,ML,1,,,1
T2-148,1280,ML,1,,,1
T2-148,1290,ML,1,65.38461538,,0
T2-148,1300,ML,1,,,1
T2-148,1310,ML,1,,,1
T2-148,1320,ML,1,59.38668661,,0
T2-148,1330,ML,1,,,1
T2-148,1340,ML,1,,,1
T2-148,1350,ML,1,63.63013699,,0
T2-148,1360,ML,1,,,1
T2-148,1370,ML,1,,,1
T2-148,1380,ML,1,80.68627451,,0
T2-148,1390,ML,1,,,1
T2-148,1400,ML,1,,,1
T2-148,1410,ML,1,67.75021386,,0
T2-148,1420,SW,1,,,1
T2-148,1430,SW,1,,,1
T2-148,1440,SW,1,15.54524362,,0
T2-148,1450,SW,1,,,1
T2-148,1460,ML,1,,,1
T2-148,1470,ML,1,80.66491689,,0
T2-148,1480,ML,1,,,1
T2-148,1490,ML,1,,,1
T2-148,1500,SW,1,30.82311734,,0
T2-148,1510,SW,1,,,1
T2-148,1520,SW,1,,,1
T2-148,1530,SW,1,17.78591779,,0
T2-148,1540,SW,1,,,1
T2-148,1550,SW,1,,,1
T2-148,1560,SW,1,18.52836879,,0
